amount_usd,token,chain,from,to,entity,time,tx_hash,source
1879260,BTC,Bitcoin,bc1qm34lsc65zpw79lxes69zkqmk6ee3ewf0j77s3h,bc1q44agfj8ctm7mmkap9haun2xlzrk98rz52xqde0,Binance,2026-05-12T11:45:22.698606+00:00,c8c397901394d3cc5727ba0400622896222ddef0b3a78110470b0004a3d4f678,https://blockchain.watch/entities/binance
1016031,BTC,Bitcoin,bc1qts0fcvm5wpcxp8kjvy9rwnh2s4lyylngnnn3sj,bc1qpnk0shp4jetalmamxcy6vvmrvhhamswmhprlcx,,2026-05-12T11:30:39.704131+00:00,ba6af2edfe5b3d76bcb710f83b3a91c3141f9ff2343bcaa146b9a71394eb8d48,https://blockchain.watch/alerts
2691581,BTC,Bitcoin,bc1p0jj3rnmwzw9tpm48zdptesx5dhxzqkm7qs3yu9t4hpu84hdfjz9sudzv3s,3L4FFDBrD9vtn8VmLyhGQ29Ef8hWZm7php,,2026-05-12T11:30:39.622064+00:00,0442239346f7e5d5987617e6ae7dcfa2aef17d5e982ef1e6e50640b503089121,https://blockchain.watch/alerts
3869134,BTC,Bitcoin,bc1qm34lsc65zpw79lxes69zkqmk6ee3ewf0j77s3h,3LHZNTmeQqzKqqGLXUDxq7uGUX59qDvoEU,Binance,2026-05-12T11:30:25.454307+00:00,ec6e7a7d86a10d6e9e2b754624eb5633425eba2de56f7aec6df8598ae41b8df5,https://blockchain.watch/entities/binance
37139538,BTC,Bitcoin,bc1qm34lsc65zpw79lxes69zkqmk6ee3ewf0j77s3h,17UifG6aDw8aRw4vzccc1JYQ79nnLVPzNb,Binance,2026-05-12T11:30:25.360843+00:00,c3355f96ef45e6c5749c587366b1f09c2f15a1933b0402b879b74bde418a2c1d,https://blockchain.watch/entities/binance
1751284,BTC,Bitcoin,bc1qm34lsc65zpw79lxes69zkqmk6ee3ewf0j77s3h,bc1qr34kccdnxspwscs9hv46wyg6lucgrmzf8gejku,Binance,2026-05-12T11:30:25.271533+00:00,b29c2ed218d8e4dccf8100f4f20fb8e2dc1f7b4088bc9a619923ceb3504af35f,https://blockchain.watch/entities/binance
1397285,BTC,Bitcoin,bc1qm34lsc65zpw79lxes69zkqmk6ee3ewf0j77s3h,bc1q7t4vyehjsexdme84qhdgd4dawcn54djh0m78fz,Binance,2026-05-12T11:30:25.166045+00:00,b0fa1129d48c5d874d982a91b314163bbb37bc9ab6375e9fd5d7ec02c5fcd687,https://blockchain.watch/entities/binance
1644675,BTC,Bitcoin,bc1qm34lsc65zpw79lxes69zkqmk6ee3ewf0j77s3h,1KNm4K8GUK8sMoxc2Z3zU8Uv5FDVjrA72p,Binance,2026-05-12T11:30:25.023036+00:00,524b5d066dcbedceee2c0ac4cbebc453541424847fbfdf0a987416cc9dee834b,https://blockchain.watch/entities/binance
705218,ETH,Ethereum,0x28c6c06298d514db089934071355e5743bf21d60,0xd59d7a9698eff3e68e0af7e803d4ed35e7ed12d2,Binance,2026-05-12T11:30:07.400281+00:00,0x1d0c5cabd432fc17997b483254922799edbe90ececf36c31308239b2207477e2,https://blockchain.watch/entities/binance
22828800,ETH,Ethereum,0x62425cd6bdcb6bfe51558ea465b063486b70dc9f,0x25c7d768a7d53e6ebe5590c621437126c766e1ea,,2026-05-12T11:15:39.140833+00:00,0x12011380a90557b68e7c6d9da13c0363f52966b0d013075373def9543b5fceee,https://blockchain.watch/alerts
947461,BTC,Bitcoin,bc1qt2kpaxqxe8uy84xsyrnldaakkvcs422eqsh806,bc1qumhzvml0kdw3vv4myty962qdeg4akm020evy8g,,2026-05-12T11:15:38.278475+00:00,d5c18dce2f045b9cbb14208388f767873bf629bf3481aca6a9440461a2409da0,https://blockchain.watch/alerts
705672,BTC,Bitcoin,bc1qt2kpaxqxe8uy84xsyrnldaakkvcs422eqsh806,bc1qumhzvml0kdw3vv4myty962qdeg4akm020evy8g,,2026-05-12T11:15:37.913868+00:00,cd9637f69f0dc2087d93f273599a3cb431f8e1866eb765cca8fabd7eb3cf607e,https://blockchain.watch/alerts
1313011,BTC,Bitcoin,3MaaRxqGU8ePFg9kHUukqF2x2NgWLGP67a,bc1qr4dl5wa7kl8yu792dceg9z5knl2gkn220lk7a9,Kraken,2026-05-12T11:15:31.635869+00:00,880c34fcef9859be283faec65241d7762e20bc5f09f12741cd184ca4a14dc8c9,https://blockchain.watch/entities/kraken
841305,BTC,Bitcoin,bc1qm34lsc65zpw79lxes69zkqmk6ee3ewf0j77s3h,3DVwCcrMF7K1bwCz5LsWHiQGU4vaj98rSk,Binance,2026-05-12T11:15:22.979712+00:00,0410bbddffd269f681eb16521a51914d9d47e0d98a1911cc2e810d7c199f8ff1,https://blockchain.watch/entities/binance
684679,BTC,Bitcoin,bc1qm34lsc65zpw79lxes69zkqmk6ee3ewf0j77s3h,3BGYoBi4LbdMC6FVMNZ4vxN9jVPEUUWJjM,Binance,2026-05-12T11:15:22.012349+00:00,2b78a377284e22292a12f893cb14d829818cfdb72e63dc634d32e7ef09e24e4a,https://blockchain.watch/entities/binance
615314,BTC,Bitcoin,bc1qm34lsc65zpw79lxes69zkqmk6ee3ewf0j77s3h,35z42MvJuyXsMQnoHGvEKChBwcxdr9uLcP,Binance,2026-05-12T11:00:21.994114+00:00,f37baa0941b71baaa41595dedf9167bb2aab9fc2a4492eb24e3572d132036b50,https://blockchain.watch/entities/binance
1190415,BTC,Bitcoin,bc1qt2kpaxqxe8uy84xsyrnldaakkvcs422eqsh806,bc1qumhzvml0kdw3vv4myty962qdeg4akm020evy8g,,2026-05-12T10:45:36.110215+00:00,70914715242eab39cec1b9f3bb7814a9f04d0baab8d46e5e491b872783debaf6,https://blockchain.watch/alerts
1048835,BTC,Bitcoin,bc1qsf7nndcn9thx4znka90aq40rme5dfhyhppx0tt,bc1q9vzr4k9dth50zt8zrzaezhhu25n0kpw65j2y55,,2026-05-12T10:45:36.046511+00:00,33302fe4db6f4e6ab10d7651d000e92a07036dc23a8f9b671a40975d952c62b5,https://blockchain.watch/alerts
968216,BTC,Bitcoin,3MaaRxqGU8ePFg9kHUukqF2x2NgWLGP67a,bc1qr4dl5wa7kl8yu792dceg9z5knl2gkn220lk7a9,Kraken,2026-05-12T10:45:29.349371+00:00,f19719821d2fc692ac9773489c52917df65e261327df7dad4f88d4d762142218,https://blockchain.watch/entities/kraken
623438,BTC,Bitcoin,bc1qm34lsc65zpw79lxes69zkqmk6ee3ewf0j77s3h,bc1pxcw33rp4g0gl5r4675j7smcfhf5zl0plenfe8ysc6wsevaasc52s292lyx,Binance,2026-05-12T10:45:22.066828+00:00,0ffceed4872c0f805eed256d1ed0bcde77338f614bc5c6177a08d9b30fcee445,https://blockchain.watch/entities/binance
858325,BTC,Bitcoin,bc1qm34lsc65zpw79lxes69zkqmk6ee3ewf0j77s3h,bc1qmshmg2jcj930mnqmrpv9l7xdqdzr6pnxtqhn32,Binance,2026-05-12T10:45:21.931748+00:00,0b7c7f58d5eb427ce66b55de5d5767d0c48e25f1b2f355e5da4ab1c2938a5267,https://blockchain.watch/entities/binance
793459,BTC,Bitcoin,bc1qm34lsc65zpw79lxes69zkqmk6ee3ewf0j77s3h,bc1qmtgvpy38gawnh6q2hyr4ck0uc8q5lc7x2vwtm4,Binance,2026-05-12T10:45:21.802817+00:00,bb73b7dbf7b51e7b3e8a95446f68ced12d37c0b470d08e15a27cc07c8f178176,https://blockchain.watch/entities/binance
7681559,BTC,Bitcoin,bc1qm34lsc65zpw79lxes69zkqmk6ee3ewf0j77s3h,bc1qhvjnyvukzwmx76aeraz8zxxm7mgvpkcs33cjps,Binance,2026-05-12T10:45:21.557444+00:00,99202ddcb8b8f2d5ae43399cd2bb9504e5177ee0a372c714e10a58db8b348e91,https://blockchain.watch/entities/binance
7751535,BTC,Bitcoin,1KbDEg1tDz2ErYgaDbaDhhawnLrSQFaFx5,bc1qm34lsc65zpw79lxes69zkqmk6ee3ewf0j77s3h,Binance,2026-05-12T10:45:20.612859+00:00,949688297025e4541c7aaec06db1f8f1e0df0d9dc0d43f6179e0a9e88cd9440b,https://blockchain.watch/entities/binance
11795589,BTC,Bitcoin,324H9uyTV9bPgAVgmdJNxPKKKZmowk5CYq,1MVG5a32pzBR4r5dMd8mAucDo3vhFMtSvo,,2026-05-12T10:30:35.163236+00:00,bd7efdbd95094d6b4af2c76147f14222310c0d01bd3132d83bd698e0f91647e2,https://blockchain.watch/alerts
16503134,BTC,Bitcoin,324H9uyTV9bPgAVgmdJNxPKKKZmowk5CYq,bc1qu0qy33xkan8z4dd6jjmn7y98g8mwe2l9m4374d,,2026-05-12T10:30:35.038133+00:00,c3389cc7019eb4a81ed7acc844be97f75406f2b2fa22dfce0843b826c44916fa,https://blockchain.watch/alerts
569975,BTC,Bitcoin,3Q8StmtPCgxNeeeM6Ue9errkDgZ9SiLHE4,bc1qec45zms00pc39urms6y9a2v4996nq50w62cpjd,,2026-05-12T10:30:34.231218+00:00,4711b2ab4cdb1847287fa42f33d04027115bfaa5014d306162fcf5dc0cc64c0f,https://blockchain.watch/alerts
622330,BTC,Bitcoin,bc1qm34lsc65zpw79lxes69zkqmk6ee3ewf0j77s3h,1JWee8ptevLfWbTG3VBJLgD9jqhr5KBgoy,Binance,2026-05-12T10:30:20.701976+00:00,d50aa619d092acc790443c07cdb496a543d29dea78bff8cf0dfe3808b58f0528,https://blockchain.watch/entities/binance
1239844,BTC,Bitcoin,bc1qm34lsc65zpw79lxes69zkqmk6ee3ewf0j77s3h,149Jopq4CqVWkHsWEW618mfn8K1a8h7qTq,Binance,2026-05-12T10:15:22.810081+00:00,f046c6e618a3e31073f96f33f880fb8194a9796a95a73bfdfa5e92eccacafe48,https://blockchain.watch/entities/binance
716333,BTC,Bitcoin,bc1qm34lsc65zpw79lxes69zkqmk6ee3ewf0j77s3h,bc1qjus72dquz7xhht3cxtgqrh43vdxsa355zthwmc,Binance,2026-05-12T10:15:22.051808+00:00,57c56a51a54ac5ecb4fa701abe9bf76e6a69f3b57f64d53193be795c22f35696,https://blockchain.watch/entities/binance
847126,BTC,Bitcoin,358mMRwcxuCSkKheuVWaXHJBGKrXo3f6JW,bc1q5pfltu4yr94sar3p4d4wmwvwvn8dzkzd0yyjzw,,2026-05-12T10:00:40.976231+00:00,ab6a7393785094f2fa44a043d9fbd551e676f15ad9685bc5be6a0aadacc900ae,https://blockchain.watch/alerts
1434661,BTC,Bitcoin,bc1qwyy8gnzcktvd0e4yrtut2m65n8krkcgegtqeuz,bc1qt2kpaxqxe8uy84xsyrnldaakkvcs422eqsh806,,2026-05-12T10:00:40.913936+00:00,381f42620a8fbf3506b232d39bd4bb49adc5f4cd929934fc22343c00fb4e939f,https://blockchain.watch/alerts
1062591,BTC,Bitcoin,bc1qeynje64ltka6ugul0qttqq7thg0hs5me36hjtp,bc1qsf7nndcn9thx4znka90aq40rme5dfhyhppx0tt,,2026-05-12T10:00:40.854506+00:00,4096046283c6eb9acf2fa1bebfeff12a81a9599e36bfdeccc3504d39d7b6255e,https://blockchain.watch/alerts
3127710,BTC,Bitcoin,3Ky9RNarFTwZ4SywztDuBbaLAr5dqTujkt,3Q8StmtPCgxNeeeM6Ue9errkDgZ9SiLHE4,,2026-05-12T10:00:40.78771+00:00,27dc01999e7aea30e469ffe3548c506a3df96bcfd0a3f35886413d096c18c739,https://blockchain.watch/alerts
3691933,BTC,Bitcoin,bc1qm34lsc65zpw79lxes69zkqmk6ee3ewf0j77s3h,bc1p9re73mwdult7v8getzmjhfwwlp7fwzpxcysxe4sfj59afa46z0hq2umn0z,Binance,2026-05-12T10:00:27.177249+00:00,319711b51cf456da40472f8c97210af7e6081d28275da86bd277dc03ea078986,https://blockchain.watch/entities/binance
4039847,BTC,Bitcoin,bc1qm34lsc65zpw79lxes69zkqmk6ee3ewf0j77s3h,bc1qx539wtqx6jan5pcrsrkllheemzrmz6u029fjvt,Binance,2026-05-12T10:00:27.063583+00:00,f6a32b41f1588def3180e637567e5960075fc078da8892b9776d0357ad53a3eb,https://blockchain.watch/entities/binance
4039847,BTC,Bitcoin,bc1qm34lsc65zpw79lxes69zkqmk6ee3ewf0j77s3h,bc1qx539wtqx6jan5pcrsrkllheemzrmz6u029fjvt,Binance,2026-05-12T10:00:26.963667+00:00,3ea3c56604aeebc0c52b03c576b79c43a26a5d0ec37d8a059a83965321876ef3,https://blockchain.watch/entities/binance
1013515,BTC,Bitcoin,bc1qm34lsc65zpw79lxes69zkqmk6ee3ewf0j77s3h,bc1q5gpyu422gfh94mym2fmw4lkkzklvfhpphfcwsx,Binance,2026-05-12T10:00:26.854709+00:00,42eaedf964f2531a8337d3133b97256613b058e96749bb6462a1c989077e50fe,https://blockchain.watch/entities/binance
4039847,BTC,Bitcoin,bc1qm34lsc65zpw79lxes69zkqmk6ee3ewf0j77s3h,bc1qqc9rxl798aefxf2c66ttjxwmya70r8ew4qs9k4,Binance,2026-05-12T10:00:26.668242+00:00,28242344ed54ba727df1c71c134a7fd7b83f7b435f2e61c760a4b4161c104c78,https://blockchain.watch/entities/binance
4318782,ETH,Ethereum,0xbd9f00b37957ada869f802d1d6a0c0c4c4ea54ed,0x28c6c06298d514db089934071355e5743bf21d60,Binance,2026-05-12T09:30:35.735581+00:00,0x2e0562a81d0922b9d183c2f52c5111d696e13f94311a8b88ddb56072640a89f7,https://blockchain.watch/entities/binance
4720866,BTC,Bitcoin,bc1qm34lsc65zpw79lxes69zkqmk6ee3ewf0j77s3h,345j2JWoSaDTwDAB14quFHjovgmkY8mFRh,Binance,2026-05-12T09:15:20.90528+00:00,d2443443994e684f340a66ca3a2d4f27ff539e394a0eef9eee78ec906e065b5b,https://blockchain.watch/entities/binance
3697358,ETH,Ethereum,0xbd9f00b37957ada869f802d1d6a0c0c4c4ea54ed,0x28c6c06298d514db089934071355e5743bf21d60,Binance,2026-05-12T09:00:36.440949+00:00,0x431bcafd96f755332f023b9d42872bed0ea704bad093dbc7b4573cf45ec8c7ab,https://blockchain.watch/entities/binance
3868132,ETH,Ethereum,0xeae7380dd4cef6fbd1144f49e4d1e6964258a4f4,0x28c6c06298d514db089934071355e5743bf21d60,Binance,2026-05-12T09:00:36.346184+00:00,0x078ae748ca0a8a7f9f5736aa2b8addca64e2db567c08ce7f76a3b5ae0924e478,https://blockchain.watch/entities/binance
680361,BTC,Bitcoin,bc1q9wvygkq7h9xgcp59mc6ghzczrqlgrj9k3ey9tz,bc1qrt7rkpswpgmcag7txzf6ps9mvepwgndshqdx6d,,2026-05-12T09:00:34.939027+00:00,32484c207e2db5f122f1c7e67d13f8661920c03e604ac19e9eae6a9731d71008,https://blockchain.watch/alerts
825051,BTC,Bitcoin,bc1qm34lsc65zpw79lxes69zkqmk6ee3ewf0j77s3h,17QYE285YHU9dqz8WSDFxY2JpeYnAyxziW,Binance,2026-05-12T09:00:20.842722+00:00,46107af1b66cb3fb8a55d327ebe035ca32ada79bee1d3c90712e46ccfd7595ca,https://blockchain.watch/entities/binance
627940,BTC,Bitcoin,bc1qm34lsc65zpw79lxes69zkqmk6ee3ewf0j77s3h,37shekUGWQ1ViYpadnuSUTJkCRSvDVGR18,Binance,2026-05-12T09:00:20.662956+00:00,495fc2777c9ad7f5ce6d94e848a1dd07d126aa47c2472dde2d20014d444c460b,https://blockchain.watch/entities/binance
2412818,BTC,Bitcoin,3J5hsSddounsXxYH4XWdCP851rZMBWs1VC,bc1qr4dl5wa7kl8yu792dceg9z5knl2gkn220lk7a9,Kraken,2026-05-12T08:45:28.973881+00:00,497524d4e224fb4955fd19c498311dbf771ec6b9d4f85aefd8031ef1f9365451,https://blockchain.watch/entities/kraken
5715322,BTC,Bitcoin,12AeEV1FaM273dYvJWo6TkU3fRYqtaAxJo,bc1qm34lsc65zpw79lxes69zkqmk6ee3ewf0j77s3h,Binance,2026-05-12T08:45:22.040882+00:00,2b543c029cbcb782589708bd48eea87cd952fe967992b52a1f99b9071b8484d0,https://blockchain.watch/entities/binance
7853365,BTC,Bitcoin,15qrJd7SsLPxUBUd7Cb7XaJWxyZsa9NhR4,bc1qm34lsc65zpw79lxes69zkqmk6ee3ewf0j77s3h,Binance,2026-05-12T08:45:21.881441+00:00,8fb486a4998d220df369255cff8d77d9bf63116294d07d4da5e80ab886153ae9,https://blockchain.watch/entities/binance
7946052,BTC,Bitcoin,1DBGQKiB3trR1MGGbBG98M2JEBjGbDuGNQ,bc1qm34lsc65zpw79lxes69zkqmk6ee3ewf0j77s3h,Binance,2026-05-12T08:45:21.685021+00:00,53d65c8b381731f98000cdc3dd3d635ccd28bc0f4b7d28af8b1403155c5b3aed,https://blockchain.watch/entities/binance
21119597,BTC,Bitcoin,1KbDEg1tDz2ErYgaDbaDhhawnLrSQFaFx5,bc1qm34lsc65zpw79lxes69zkqmk6ee3ewf0j77s3h,Binance,2026-05-12T08:45:21.547153+00:00,da637e2aaebc7bfc815a77b1ba059d7897561ec6698be18a272fe15b0e02b813,https://blockchain.watch/entities/binance
39504167,BTC,Bitcoin,1LWFtfTPmGGRv9Q9NGiewzB2zgEuMZeo5f,bc1qm34lsc65zpw79lxes69zkqmk6ee3ewf0j77s3h,Binance,2026-05-12T08:45:21.422346+00:00,349b8259488c01a96209c769591c8aac3d60501c71cb2a6cc4ace1203ea6582b,https://blockchain.watch/entities/binance
16183599,BTC,Bitcoin,1Ni1bjMnq3k7QyhRCWZtgZdpnZMpFu8ACo,bc1qm34lsc65zpw79lxes69zkqmk6ee3ewf0j77s3h,Binance,2026-05-12T08:45:20.603311+00:00,a121b0b01fe921a5c649f16540f374c4017530d078873cdc2a37c2c80f337b0a,https://blockchain.watch/entities/binance
1142969,ETH,Ethereum,0x0f9f949a30b97c42ace87aae6f24ee2607003e37,0x28c6c06298d514db089934071355e5743bf21d60,Binance,2026-05-12T08:30:39.611649+00:00,0xe621ba2a4d447fab2fad993a795048a5f3d3274a49bdb0d80349ed178484ea0a,https://blockchain.watch/entities/binance
2594691,BTC,Bitcoin,1KNm4K8GUK8sMoxc2Z3zU8Uv5FDVjrA72p,3J5hsSddounsXxYH4XWdCP851rZMBWs1VC,,2026-05-12T08:30:38.77336+00:00,2b2bba315bc34d4d55ef2367003337fe580ee4c7b626c7dc03c8564fcd790d52,https://blockchain.watch/alerts
808479,BTC,Bitcoin,bc1q2thkewe34knd9gv78pzcfy8e8s9esx9rk6wfs5,191r4tyfxxL7WehzJ3rShEh7EaoYjqJu49,,2026-05-12T08:30:38.720406+00:00,7ddaab55cf2977178bec8aa0a15a5fdf19dd11081399daf37396515e88249bd8,https://blockchain.watch/alerts
2667982,BTC,Bitcoin,bc1q68zpvmla07v5zct7909cp2nllvqn9pnz07wd7e,bc1qv05spk6clmng4jyy34gsxxv2g4460k6fvcged4rq30fnr3t6nm6sgrjzyr,,2026-05-12T08:30:38.361473+00:00,d5563d73fad1fcb410ed64e5b96ccc959473de53cf47de927f1960ada7b143f7,https://blockchain.watch/alerts
541789,BTC,Bitcoin,bc1qyy30guv6m5ez7ntj0ayr08u23w3k5s8vg3elmxdzlh8a3xskupyqn2lp5w,bc1qzjeg3h996kw24zrg69nge97fw8jc4v7v7yznftzk06j3429t52vse9tkp9,,2026-05-12T08:30:38.278603+00:00,a30d55fa4dfe351655a2f07c0615bb11c33c9f205ca4e770eaddc874d638542f,https://blockchain.watch/alerts
2601242,BTC,Bitcoin,bc1qm34lsc65zpw79lxes69zkqmk6ee3ewf0j77s3h,3DNvNQh6Q4rcWNvHKhsMxBybatSzwB6x7u,Binance,2026-05-12T08:30:24.51065+00:00,17387ce37c52263b3795430e183993f72d7d5bf40316ed90e9cdda202242a0fb,https://blockchain.watch/entities/binance
1001681,BTC,Bitcoin,bc1qm34lsc65zpw79lxes69zkqmk6ee3ewf0j77s3h,1NBYWqtQvWmT7hzEB11XyGjHp4G177AVgz,Binance,2026-05-12T08:30:24.368557+00:00,62189ac78d3d378f2aecbb07dec430763ac3a37aceeb055f7a7d46ed7c247349,https://blockchain.watch/entities/binance
2625996,BTC,Bitcoin,bc1qm34lsc65zpw79lxes69zkqmk6ee3ewf0j77s3h,bc1qt9q8tpldfnha7lu4y258tng0v2pqldtscxjajc,Binance,2026-05-12T08:30:24.276824+00:00,d830cd4bd18059c0067cc72b4fe35354941c3bd1179d4ad325a258316ed5138e,https://blockchain.watch/entities/binance
42125997,BTC,Bitcoin,bc1qm34lsc65zpw79lxes69zkqmk6ee3ewf0j77s3h,1DEuKerATHWRfyB14s6QCt4LPkfCTx4zaW,Binance,2026-05-12T08:30:24.108763+00:00,b457f53d38f657015a855818195cb0b81f2e7befc71c6b8ccbe8a719ba41f4c4,https://blockchain.watch/entities/binance
708969,ETH,Ethereum,0x8afd8542540a2c5ce26d01ac3ae6cc1e9c32568f,0x45300136662dd4e58fc0df61e6290dffd992b785,,2026-05-12T08:15:38.986015+00:00,0x268ead016b3b46c33ab4b0978ae178890fbba9d9d5b05842ce6c1311c31ba5f9,https://blockchain.watch/alerts
527579,BTC,Bitcoin,32hK628jM4j1xLRQzJuvLsBhmBxKeVSdgN,bc1qr4dl5wa7kl8yu792dceg9z5knl2gkn220lk7a9,Kraken,2026-05-12T08:15:31.551866+00:00,d9cda1e54931be00791ec60e26111ab07290310f2b2a035a70ba421b253428cc,https://blockchain.watch/entities/kraken
7844807,BTC,Bitcoin,bc1qm34lsc65zpw79lxes69zkqmk6ee3ewf0j77s3h,345j2JWoSaDTwDAB14quFHjovgmkY8mFRh,Binance,2026-05-12T08:15:25.236111+00:00,23269ea3920560ff467252473bb2f732c951b958b4450852b0f7d4aa1827901a,https://blockchain.watch/entities/binance
624054,BTC,Bitcoin,bc1qm34lsc65zpw79lxes69zkqmk6ee3ewf0j77s3h,bc1qynlcv4fqkfp2xcfk4khxtzghs9jzmr6f3ptak6,Binance,2026-05-12T08:15:25.130909+00:00,bc56789ba38916305ef8ed9f1ad098e462ef04c086121e1d82e218a7fdc7936c,https://blockchain.watch/entities/binance
1378130,BTC,Bitcoin,bc1q06g6sgx4taa4mlsywcyg7kr8l8lp233jls43qm,bc1qm34lsc65zpw79lxes69zkqmk6ee3ewf0j77s3h,Binance,2026-05-12T08:15:25.030854+00:00,80f838637df7612977945038477a3487cef248f7bf4a6d4152c3485e9a0412b4,https://blockchain.watch/entities/binance
5051975,ETH,Ethereum,0xeae7380dd4cef6fbd1144f49e4d1e6964258a4f4,0x28c6c06298d514db089934071355e5743bf21d60,Binance,2026-05-12T08:15:07.755517+00:00,0x9559e9fe89a6b4bd6e219cecccd6a0f50fc94d627bc71f3e719f58e0e9700ea1,https://blockchain.watch/entities/binance
1996060,BTC,Bitcoin,bc1qryhgpmfv03qjhhp2dj8nw8g4ewg08jzmgy3cyx,1KuZ5d37EJ3KdtT5b8jByNBmUbq1b1N4Qu,,2026-05-12T08:00:37.08145+00:00,2a464a05ca12d149e76e7dff4fb88d828930c68b6ec653c88ca82f8304ef5ebb,https://blockchain.watch/alerts
527117,BTC,Bitcoin,32hK628jM4j1xLRQzJuvLsBhmBxKeVSdgN,bc1qr4dl5wa7kl8yu792dceg9z5knl2gkn220lk7a9,Kraken,2026-05-12T08:00:29.706545+00:00,eb778f210cdc0682ddad7cee5d941992f62095b25872e05fd7d25e52be27d8f3,https://blockchain.watch/entities/kraken
883658,BTC,Bitcoin,bc1qm34lsc65zpw79lxes69zkqmk6ee3ewf0j77s3h,bc1qecg9v4grccjlefju045lm3a4faprqzjtxundfj,Binance,2026-05-12T08:00:22.503515+00:00,3ff72f634e48157a2b64411ea15c0f55093521fa051d2ad0425929fd05e2c6ee,https://blockchain.watch/entities/binance
712092,BTC,Bitcoin,bc1qm34lsc65zpw79lxes69zkqmk6ee3ewf0j77s3h,bc1qrhnmytnedl9p0jl2d78wsr8dnxeh4wkyxgsj0g,Binance,2026-05-12T08:00:22.336614+00:00,8ae7c31c507b073cb87de8f3d588e30f95af98c1aec8aca7f5ddad41dea7e78e,https://blockchain.watch/entities/binance
1861599,BTC,Bitcoin,1H9Bn8X66jCvUXp4c4aPAMpPH14YCFFG1N,1N42kX8p5NnXRCUssn8BYHW9UucVai7MR9,,2026-05-12T07:45:35.647982+00:00,76ba42b02d89a0958c3a4e89216acea84ff13092d2b55c1d214d696f9a551ac9,https://blockchain.watch/alerts
1861513,BTC,Bitcoin,1N42kX8p5NnXRCUssn8BYHW9UucVai7MR9,13M7nK7dqSTMrdXPYFqvQuSmWEtU6LxQxb,,2026-05-12T07:45:35.275942+00:00,44d35bae63472eb38e62f4388d8743fceb2fe191fee693b3e6da4f880ee83304,https://blockchain.watch/alerts
4452907,BTC,Bitcoin,bc1qm34lsc65zpw79lxes69zkqmk6ee3ewf0j77s3h,bc1qlccksaaehjkdv4tgf032pvx8n76uhazqt4rgy70y4drmqwh5espqwx89f9,Binance,2026-05-12T07:45:21.660711+00:00,13015369cce49b273721a96645d5c16751d8e764625022664a6c6cdf62e15682,https://blockchain.watch/entities/binance
2252351,BTC,Bitcoin,bc1qm34lsc65zpw79lxes69zkqmk6ee3ewf0j77s3h,3KbDzhb8B5pUU7Wk1y26J8D4cxYLmxJsca,Binance,2026-05-12T07:45:21.559747+00:00,92310ddd4567189afe43c3a1d25c0045ed747547cc254bd568f3bd214fe1b954,https://blockchain.watch/entities/binance
1746876,BTC,Bitcoin,bc1qm34lsc65zpw79lxes69zkqmk6ee3ewf0j77s3h,bc1qwmn7jydjrydg099hlhyz05q92apr85mndr66s2,Binance,2026-05-12T07:45:20.613585+00:00,353491944bfe5c5ddc845effefe547bad6b7a10306d4ef17e1000ebdcc1d81ed,https://blockchain.watch/entities/binance
1047077,ETH,Ethereum,0x32b6f4654e7795631d2e61471d19c2e8c64f897e,0x28c6c06298d514db089934071355e5743bf21d60,Binance,2026-05-12T07:30:38.337869+00:00,0x2d132620140dc819c82e7df7c28714b520c490c63ed7b4bc4f6ab92dbfee0fc6,https://blockchain.watch/entities/binance
1014864,BTC,Bitcoin,bc1p0jj3rnmwzw9tpm48zdptesx5dhxzqkm7qs3yu9t4hpu84hdfjz9sudzv3s,bc1q8s5dmp88qvgu97nuyc0zy7vr2vedx04tw73njn,,2026-05-12T07:30:37.05947+00:00,554fb616c851f290a9e58fb0f3b3b104de3617dc7661e70c5c41cc01e482a12e,https://blockchain.watch/alerts
2571411,BTC,Bitcoin,bc1qwqdg6squsna38e46795at95yu9atm8azzmyvckulcc7kytlcckxswvvzej,1KSVv3ACsNLZWxPtsonBvf58z5NGGFnNeF,,2026-05-12T07:30:36.976902+00:00,e73ed5e22ea07fd534917c31e0385d15eabaa06cc1f11f18bd71beb4b3f1c777,https://blockchain.watch/alerts
538107,BTC,Bitcoin,bc1qm34lsc65zpw79lxes69zkqmk6ee3ewf0j77s3h,3BGYoBi4LbdMC6FVMNZ4vxN9jVPEUUWJjM,Binance,2026-05-12T07:30:22.781887+00:00,faddbc50b2164d254de96fd8d6369e2b7d93b855523c3dd7a3a0ed59327b47e6,https://blockchain.watch/entities/binance
3535551,BTC,Bitcoin,bc1qm34lsc65zpw79lxes69zkqmk6ee3ewf0j77s3h,3Dteruqvajo1YMKTWkNcVo4kYG2iDNkVLy,Binance,2026-05-12T07:30:22.251353+00:00,125c24f7fbfed44f9085534f19c604f4d3bc843494f7143a577c9d81f9e307ef,https://blockchain.watch/entities/binance
1748302,BTC,Bitcoin,36hXjhpRSKC8SQhNzSxQJUiGuqYrRYXpY8,bc1qv3lpch4lnlccaqppvjn3yn2sy0k253sfkj9637,,2026-05-12T07:15:39.636154+00:00,cb0eaa2b851c8bfa1543850638ca325b61aff3a6127d9988ef0486ef40d8ede6,https://blockchain.watch/alerts
995575,BTC,Bitcoin,3Q8StmtPCgxNeeeM6Ue9errkDgZ9SiLHE4,bc1qqjdlmrjh7mn2ax5cesge2g22pg56n6s6xgjf4k,,2026-05-12T07:15:39.581491+00:00,b7bef632f626f4854ee5f45836698a13277c66bfe0e65c4402a0bda5693e97b3,https://blockchain.watch/alerts
2248313,BTC,Bitcoin,bc1qq6q05wmkl8355dm76recphc2jhevd8k67cu8y0,bc1pxa37fkxth9n9p40uucjlyfngek9dd75f8ewc9k68ph4wj8xq5was7vy4ss,,2026-05-12T07:15:39.21608+00:00,456f1eb8298252365c61b6d337d186550ae524fa15c0a12e95bbb3d584186a34,https://blockchain.watch/alerts
4570845,BTC,Bitcoin,bc1pdwu79dady576y3fupmm82m3g7p2p9f6hgyeqy0tdg7ztxg7xrayqlkl8j9,bc1qskf0vw0ay8ydxdfp67ul72wqj70rww9yxukutm,,2026-05-12T07:15:39.153004+00:00,f7b6ccddaecbdd07e2b964859ddbabadb895683def1408f8349698cf06f24b5d,https://blockchain.watch/alerts
3477453,BTC,Bitcoin,bc1qm34lsc65zpw79lxes69zkqmk6ee3ewf0j77s3h,339eE2Psesw6UbEuHU1sZfnvVCtLA6DpLd,Binance,2026-05-12T07:15:24.054342+00:00,2b85e01a4743d343cae50798238c2f9782a2b83d9b4d4a303403a4b4ce100f6d,https://blockchain.watch/entities/binance
1650066,BTC,Bitcoin,bc1qm34lsc65zpw79lxes69zkqmk6ee3ewf0j77s3h,bc1qm2ph2qt9ccttpguay8shnjk56ye9rrp5axslvk,Binance,2026-05-12T07:15:23.489742+00:00,e320dbabdc2759249a750846e0d0d6fdd135ba84369e0415031849a58ee6a5bb,https://blockchain.watch/entities/binance
2534411,ETH,Ethereum,0xab4f2fdca7521012edfee6e916778c6dae719bd3,0xb03f3f4d58e15af27127df7667f0b9f470191fdd,,2026-05-12T07:00:45.550822+00:00,0x09e2385e03c3abcce8da33c20d40ed9345fc7b661e708c85851aabdc12862cbc,https://blockchain.watch/alerts
1060510,ETH,Ethereum,0x6455327f820edd69c4cd665b995e0fec679d7f9e,0x0d0707963952f2fba59dd06f2b425ace40b492fe,,2026-05-12T07:00:45.400604+00:00,0x01834be0ceb6fbdf5ed4c4fde0d0335c2040b4d2ac22758025d804c42f3db049,https://blockchain.watch/alerts
802713,BTC,Bitcoin,bc1qryhgpmfv03qjhhp2dj8nw8g4ewg08jzmgy3cyx,bc1qnyfpfm7q405sss2upgmg5255cn0vu2stvzwaum,,2026-05-12T07:00:44.588016+00:00,330c5be4346c72c351f28a1e57fe37091173ba90dc71995f3a26b2d02784784a,https://blockchain.watch/alerts
802425,BTC,Bitcoin,bc1qryhgpmfv03qjhhp2dj8nw8g4ewg08jzmgy3cyx,bc1qzhtk05pjnk0z0zge9a7g688euetcueg52fkw5l,,2026-05-12T07:00:44.164552+00:00,868905ceeccec27b22671d72b4e56058cd7fdba7ca65331beaf899cea8aee1ba,https://blockchain.watch/alerts
1281439,BTC,Bitcoin,bc1qryhgpmfv03qjhhp2dj8nw8g4ewg08jzmgy3cyx,bc1qp0f5k4vpssxrwqxye0g3hcn2dpxgzn7y3l0cv6,,2026-05-12T07:00:44.013053+00:00,cbecf99ce0fc7358f76e518269d6790264fa3519087805c885c4ebeadb5bf391,https://blockchain.watch/alerts
1029619,BTC,Bitcoin,bc1qyy30guv6m5ez7ntj0ayr08u23w3k5s8vg3elmxdzlh8a3xskupyqn2lp5w,bc1qzjeg3h996kw24zrg69nge97fw8jc4v7v7yznftzk06j3429t52vse9tkp9,,2026-05-12T07:00:43.875121+00:00,ddf7a8446478699d66c20970bf451393228068927e73a9d5da10abfca4b05354,https://blockchain.watch/alerts
3359846,BTC,Bitcoin,3Nkdw7aZsAWxyXdzgg5Zn4sTX9YYSheqAj,3Ky9RNarFTwZ4SywztDuBbaLAr5dqTujkt,,2026-05-12T07:00:42.790588+00:00,504f1241eda681bb135631d4a5bd33fff9d00a1f4cac6f2def932cd8cc8a99bc,https://blockchain.watch/alerts
1611104,BTC,Bitcoin,bc1q0szdgnjn30msnq3852njc8sse357uw7qxxxj4p,bc1qpnk0shp4jetalmamxcy6vvmrvhhamswmhprlcx,,2026-05-12T06:45:37.166247+00:00,543ce951d68579f5b268be0b75c73d2addd91982d3e4b94c6f928c89cf44be74,https://blockchain.watch/alerts
7794876,BTC,Bitcoin,1M7ficW8AthPhefDkQ4S3RefCyfYZjjrEH,bc1qm34lsc65zpw79lxes69zkqmk6ee3ewf0j77s3h,Binance,2026-05-12T06:45:22.530935+00:00,1ed37ccb33af3c35590603e58c1ac330180ea4d164c14faaa390b56ce2dedb68,https://blockchain.watch/entities/binance
5185171,BTC,Bitcoin,15GAUi53dZHCk5fdvWhFygMrQ2ZL2uNiG7,bc1qm34lsc65zpw79lxes69zkqmk6ee3ewf0j77s3h,Binance,2026-05-12T06:45:22.429342+00:00,a27a894bb16b45131e5e2c3688cf421d3037742128a0c2151b2da90986fd19a5,https://blockchain.watch/entities/binance
7461470,BTC,Bitcoin,1MX8WG25LbH6EgubQWmVjWwzUsoEsLHHkH,bc1qm34lsc65zpw79lxes69zkqmk6ee3ewf0j77s3h,Binance,2026-05-12T06:45:22.330936+00:00,ec83fa300cd4b06873280e8822a252135600063c5f8c9698292a62fe42269e1d,https://blockchain.watch/entities/binance
7409518,BTC,Bitcoin,bc1qm34lsc65zpw79lxes69zkqmk6ee3ewf0j77s3h,3DqE6TmefscDAPgYf58CsERNSnRJfqz82y,Binance,2026-05-12T06:45:22.232389+00:00,1413217b1e3cc062df47b48174f47965e8bb7306eaff168ac58d08629c670064,https://blockchain.watch/entities/binance
5252313,BTC,Bitcoin,bc1qm34lsc65zpw79lxes69zkqmk6ee3ewf0j77s3h,3BGYoBi4LbdMC6FVMNZ4vxN9jVPEUUWJjM,Binance,2026-05-12T06:45:21.308393+00:00,19c6a7ad3da799806d7256a11564eaf0ab3b171ce38c84d0f24a433d5107ca5e,https://blockchain.watch/entities/binance
741464,BTC,Bitcoin,bc1qwqdg6squsna38e46795at95yu9atm8azzmyvckulcc7kytlcckxswvvzej,bc1qwvlvmha3cvhyq6qztjzumq2d63ffhtzyxxu6q8,,2026-05-12T06:30:35.666166+00:00,8cebc57d8fa9d2a0bedd8347a46b667827c4e6ecdfaacb9985c9c4acf967ce50,https://blockchain.watch/alerts
1516414,BTC,Bitcoin,bc1qkg64e8swsp24snfc6drzh2q3ntderfntrwjx7u,bc1qm34lsc65zpw79lxes69zkqmk6ee3ewf0j77s3h,Binance,2026-05-12T06:30:21.083726+00:00,1267e7dcd11c9226f687dbb2830e4d7d415716df81a9008177b4d83cac51e1d6,https://blockchain.watch/entities/binance
924384,ETH,Ethereum,0xab4f2fdca7521012edfee6e916778c6dae719bd3,0xfa0b1556cabd8a7d026c8a455b27f029e2203280,,2026-05-12T06:00:40.050254+00:00,0x851c376f49e7c21c62bb8d253c631abcdf7135f6598fcab47f1587c3e1ed8dc4,https://blockchain.watch/alerts
720936,BTC,Bitcoin,bc1qm34lsc65zpw79lxes69zkqmk6ee3ewf0j77s3h,3CtGmcsW81DddFtH3N1VHVtjnM4a3qKXQM,Binance,2026-05-12T06:00:25.075332+00:00,e546df3f4fbd323baaf8a4287d09ef38dda3f22b31336f0400a377ff4a24bd91,https://blockchain.watch/entities/binance
2007206,BTC,Bitcoin,bc1qm34lsc65zpw79lxes69zkqmk6ee3ewf0j77s3h,bc1qqqp53p2cls7aqe67564qv2llfvvjdtwrqu3jnu,Binance,2026-05-12T06:00:24.933448+00:00,ac34fa88e9712d70b9d1427193dc67b6645bc4b855a556b077f962fc2beb04a7,https://blockchain.watch/entities/binance
665541,BTC,Bitcoin,bc1q70v7h3arsevkl6ujaaumm9ytnvp838hzek58qp,bc1pq2u5j70s3xjg9f69r3w587f05qnwtw4r2jsrgc88e7203gyg8pcsmr9jvu,,2026-05-12T05:45:35.201936+00:00,870469f0e07bb6c0a073dfdab3fe64726b91f1aaf7012f9924b253aea1080fb6,https://blockchain.watch/alerts
1552257,BTC,Bitcoin,bc1qm34lsc65zpw79lxes69zkqmk6ee3ewf0j77s3h,38pPcA8T4Tdx9hm2gPecSofhYb8nDVuUE4,Binance,2026-05-12T05:45:22.089234+00:00,7478d8cdc0404369f577a9fa2ab7032a4a4480397f0ebed7b769b1c84c2c3b65,https://blockchain.watch/entities/binance
4739187,BTC,Bitcoin,bc1qm34lsc65zpw79lxes69zkqmk6ee3ewf0j77s3h,bc1p2mlwrss9tmvtfvu0tcxul2h0w67ej8vyjpj3ksctt67vd9r752ksqx6uqm,Binance,2026-05-12T05:45:21.983803+00:00,8db09a389725ccb389992feb9b7fe72c9b2a47e5d30b9dae2148511b38fbae01,https://blockchain.watch/entities/binance
2063874,BTC,Bitcoin,bc1qm34lsc65zpw79lxes69zkqmk6ee3ewf0j77s3h,1PensJNFh9oMud7RwoAEH1j2aRLArGrJHz,Binance,2026-05-12T05:45:21.454451+00:00,ec8b5986327298dc9b5feb6e8829cdf0da08acc420306381bf5be203f2872566,https://blockchain.watch/entities/binance
1165804,BTC,Bitcoin,bc1q7cyrfmck2ffu2ud3rn5l5a8yv6f0chkp0zpemf,3A5eeg79RhBfQhawS3FRENALgWB9wCcoQB,,2026-05-12T05:30:37.463014+00:00,369e008036809dc665cc7a20847e038c4aa667c0d23f408cfe8208c3a84fd2cd,https://blockchain.watch/alerts
1016514,BTC,Bitcoin,bc1qk034ag4c7h8ngz6a80wqpj3pz2hq57t7zqjwud,bc1q8gnp6g4wq9jcnu2nggl4n9w5v52egszavuvrw2,,2026-05-12T05:30:37.075197+00:00,19689ba45070f814df69626b6a852250825c5bcbe851e2c76afe985a99124a55,https://blockchain.watch/alerts
4059885,BTC,Bitcoin,1P8hzUnQn1VYbDwsGkNmbiHXLJWS6v9JEs,bc1qzuqtfcrla3t7srndxtugrjd6ycjlgcyxflrfqk,,2026-05-12T05:30:36.970416+00:00,9cae05c49c59744c8c950709919d99e442d2f0a46888efcd115342df362a9b4f,https://blockchain.watch/alerts
1203429,BTC,Bitcoin,bc1qm34lsc65zpw79lxes69zkqmk6ee3ewf0j77s3h,,Binance,2026-05-12T05:30:21.850112+00:00,735fd7da4d1f94d251bef5c93ef6590ac37581eb5cc22cf2f28999282196f791,https://blockchain.watch/entities/binance
1882276,BTC,Bitcoin,bc1qm34lsc65zpw79lxes69zkqmk6ee3ewf0j77s3h,1Km2r1DtNXiV1nMpoxbcYb7rFTg6asRixn,Binance,2026-05-12T05:30:21.744832+00:00,164fa11502ab707bef6fcd75494c1192fe37a75e9b90fc37f574fa242b83a9cd,https://blockchain.watch/entities/binance
3179690,BTC,Bitcoin,bc1qm34lsc65zpw79lxes69zkqmk6ee3ewf0j77s3h,bc1q9cup45gh7as7xzr7smw7en4rfh6ltmlj8syvmt,Binance,2026-05-12T05:30:21.571803+00:00,b1bf9a7912f4981b8f2a187b85e9ab03d10e64b210a99e846a46ae41e4ac9d4b,https://blockchain.watch/entities/binance
799115,BTC,Bitcoin,bc1qryhgpmfv03qjhhp2dj8nw8g4ewg08jzmgy3cyx,bc1ps2sl5nkr33xx9qcmn80rfnqswkz9a2k5ksdwwgt7xg6k3l09056srptzdk,,2026-05-12T05:15:37.789221+00:00,664494db0bfedaae08d222f55d3087671305c65e85871d782aa1514ceb0ec538,https://blockchain.watch/alerts
1870266,BTC,Bitcoin,36hXjhpRSKC8SQhNzSxQJUiGuqYrRYXpY8,bc1qx94lxysfpj3sskrg6wlc22ypusm7rympqatkagzv9wnum0n5avusryph2l,,2026-05-12T05:15:37.728078+00:00,16622b3d7d9e4a5a944fa55f9d36e7224841516bf0ecdfcb29ec33807992600c,https://blockchain.watch/alerts
4033875,BTC,Bitcoin,bc1qm34lsc65zpw79lxes69zkqmk6ee3ewf0j77s3h,bc1qcf2keuyrm5xc6rktfy7lgsu5uenxdrdx7ne2v0,Binance,2026-05-12T05:15:23.655222+00:00,87f0684bd56488a3400c419608501e10db2e563a7ca3dd812d95f6102c3473e1,https://blockchain.watch/entities/binance
3982985,BTC,Bitcoin,bc1q757dcrl8z9ljrzqscpz52l3eywwadald2mt3eg,bc1qm34lsc65zpw79lxes69zkqmk6ee3ewf0j77s3h,Binance,2026-05-12T05:15:23.541886+00:00,65bd1461ceb9e362b16745822e546f5df9bde0cbbcd3a92ed865ee29e56de422,https://blockchain.watch/entities/binance
1029015,BTC,Bitcoin,bc1qm34lsc65zpw79lxes69zkqmk6ee3ewf0j77s3h,bc1pp4stc8kqtl3renun87aq74dsd0ma3al9lj8dke8dfgh8ftrdvkwsp9r3md,Binance,2026-05-12T05:15:23.458314+00:00,c7c3d94d75d752a9ae848a6b1a260501d5d793c6bfb7bb5bd25c6716dc00fa08,https://blockchain.watch/entities/binance
4051585,BTC,Bitcoin,bc1qm34lsc65zpw79lxes69zkqmk6ee3ewf0j77s3h,3EDiYUZpcEjBvaD7yiZfjx68hhXH6bYyZy,Binance,2026-05-12T05:15:23.384836+00:00,f420fdfec46f6c36995759f31f48b370ef5fc1c3a3731dfedb30846193c3425d,https://blockchain.watch/entities/binance
4048646,BTC,Bitcoin,bc1qm34lsc65zpw79lxes69zkqmk6ee3ewf0j77s3h,33MCHNtTV5NG8oqXudrgtK3N4uRP8We26R,Binance,2026-05-12T05:15:23.310226+00:00,4087810c5d5d66bc8b9e2904c04c8d74b3b04632d8651256d31da96c8618da9d,https://blockchain.watch/entities/binance
4040767,BTC,Bitcoin,bc1qm34lsc65zpw79lxes69zkqmk6ee3ewf0j77s3h,1AjWgzsfWFQkxAf7NineX3rp2YmgNw3Aqw,Binance,2026-05-12T05:15:22.802821+00:00,418809f2e48823546b9f866d6c7f6d3ab042267e708c56060d823843dc24d0b0,https://blockchain.watch/entities/binance
2913643,BTC,Bitcoin,3JZ3byZy7TTrfy8zdxrm9iqJrdsaZ5CrNw,bc1qr4dl5wa7kl8yu792dceg9z5knl2gkn220lk7a9,Kraken,2026-05-12T05:00:30.478979+00:00,5c693234db2e9fec952faa6522844dbbd6f9d4acda89a69fb1340ad5bf68b395,https://blockchain.watch/entities/kraken
605833,BTC,Bitcoin,bc1qm34lsc65zpw79lxes69zkqmk6ee3ewf0j77s3h,bc1qmlqgjsjd0v9n69th39c8qf2xd9q6ueaz99aees,Binance,2026-05-12T05:00:22.930815+00:00,3b843a215afa78273374cb95118b17e8dd15059db90d15c403e4935e25112488,https://blockchain.watch/entities/binance
4049239,BTC,Bitcoin,bc1qm34lsc65zpw79lxes69zkqmk6ee3ewf0j77s3h,bc1p0u54fmmhutkgh0xfyuzu48r80y8cd8gpycftdaf7zxyznpdja8eqtegcye,Binance,2026-05-12T05:00:22.826032+00:00,823ecfd695aee1e212e8b5833a494d58f86d6c10b7630065857bb403f08e7c23,https://blockchain.watch/entities/binance
989022,BTC,Bitcoin,bc1qm34lsc65zpw79lxes69zkqmk6ee3ewf0j77s3h,34D73CV3Ppz6f8cHXDhhrtPv6Eif8q8bo8,Binance,2026-05-12T05:00:22.726354+00:00,3bc205b0a9b2a41718f964de85fb49445c715cf85fc6de3f530462770ae7675b,https://blockchain.watch/entities/binance
797421,BTC,Bitcoin,bc1qm34lsc65zpw79lxes69zkqmk6ee3ewf0j77s3h,bc1q7mj9gxfsmanq04dumkluj9w76tpllnfudaw2ql,Binance,2026-05-12T05:00:22.620536+00:00,9c68342d0da6341c2b742e26ea77e65e701ecffc3cb7c3fc73c0ab8735f798ac,https://blockchain.watch/entities/binance
3920595,BTC,Bitcoin,bc1qm34lsc65zpw79lxes69zkqmk6ee3ewf0j77s3h,bc1p2mlwrss9tmvtfvu0tcxul2h0w67ej8vyjpj3ksctt67vd9r752ksqx6uqm,Binance,2026-05-12T05:00:22.485688+00:00,3d6ec19621d6f086ebc34ca6c6c35d52b511478b73f57546e237ce1672f1331d,https://blockchain.watch/entities/binance
1214142,BTC,Bitcoin,bc1qryhgpmfv03qjhhp2dj8nw8g4ewg08jzmgy3cyx,bc1qddf2qql3n77kglsp5hqdjtqkkmvzugfccppz5w,,2026-05-12T04:45:37.338734+00:00,47d71ccf24ff82087fa5caaf95389c7ec9f82ef112563534b433f4fb8301e8ad,https://blockchain.watch/alerts
878584,BTC,Bitcoin,bc1qpnk0shp4jetalmamxcy6vvmrvhhamswmhprlcx,bc1qngh6x2r72mp4nh88l083au728z7me0plytwfj7,,2026-05-12T04:45:36.947713+00:00,66a9b6b81842d1a72bfa1cd5ffd6dd490fd4c70d5c6f3946cef731de4681af8c,https://blockchain.watch/alerts
879156,BTC,Bitcoin,bc1qrt4lhky8y4vc3a8qh9tkml8dhlr66unscslpjf,bc1qpnk0shp4jetalmamxcy6vvmrvhhamswmhprlcx,,2026-05-12T04:45:36.872032+00:00,9caa83443f5b42567cf85e72a298986592e6a54d0b7c2f537351619d34aa31a6,https://blockchain.watch/alerts
4844861,BTC,Bitcoin,14BJGm3iGfu3R94CnjTwhLX1AfWVFMCRKh,bc1qm34lsc65zpw79lxes69zkqmk6ee3ewf0j77s3h,Binance,2026-05-12T04:45:21.707435+00:00,086f4bc80b839d171af432b5443a4ab2fb884f8b96c2d564e1e6b92a352227e2,https://blockchain.watch/entities/binance
8091000,BTC,Bitcoin,1JYByGQYMHzRMSpha7f3bT6V2qv1NVkNVj,bc1qm34lsc65zpw79lxes69zkqmk6ee3ewf0j77s3h,Binance,2026-05-12T04:45:21.606558+00:00,af5f0ff758fe20e0434f649b0527dd3367bedb8d1824b27fb0013622937db32d,https://blockchain.watch/entities/binance
7553205,BTC,Bitcoin,bc1qm34lsc65zpw79lxes69zkqmk6ee3ewf0j77s3h,bc1q8d64h7nd4jpexj8dxcwvfuv5jkfsjy353et3kh,Binance,2026-05-12T04:45:21.494646+00:00,3e3593f490161341e42ecbc7ca5bea29265177b58e96f7f3db53c29757cbc46b,https://blockchain.watch/entities/binance
10398079,BTC,Bitcoin,1KbDEg1tDz2ErYgaDbaDhhawnLrSQFaFx5,bc1qm34lsc65zpw79lxes69zkqmk6ee3ewf0j77s3h,Binance,2026-05-12T04:45:20.520939+00:00,610a9e3e11c736fb8068804cd959e8fb751fefd37f1f3a1de07425a7ac190056,https://blockchain.watch/entities/binance
5969502,BTC,Bitcoin,bc1qm34lsc65zpw79lxes69zkqmk6ee3ewf0j77s3h,bc1p2mlwrss9tmvtfvu0tcxul2h0w67ej8vyjpj3ksctt67vd9r752ksqx6uqm,Binance,2026-05-12T04:15:22.198414+00:00,ce455686cec20b4fe5dabcdcd2a80151c099f4db74d8fee30410e2ba47f2529a,https://blockchain.watch/entities/binance
2628755,BTC,Bitcoin,bc1qkg64e8swsp24snfc6drzh2q3ntderfntrwjx7u,bc1qm34lsc65zpw79lxes69zkqmk6ee3ewf0j77s3h,Binance,2026-05-12T04:15:21.633899+00:00,84c4063a17c54849e14326e12b46801299a9f5ff878333f38a1b5ba150f09cfa,https://blockchain.watch/entities/binance
4031781,BTC,Bitcoin,bc1p0jj3rnmwzw9tpm48zdptesx5dhxzqkm7qs3yu9t4hpu84hdfjz9sudzv3s,bc1q5u9q5szd4dr4ex7v9674dk86cm6lf3q5cxtz83,,2026-05-12T04:00:36.800883+00:00,8354f998baf41a2bf510db7cf0405d65d1c3d27744bd7e075ce50a359cf2398c,https://blockchain.watch/alerts
541458,BTC,Bitcoin,36hXjhpRSKC8SQhNzSxQJUiGuqYrRYXpY8,bc1qeacga943s4gzn80hghuu5mxtv9jfxgt4258pm4,,2026-05-12T04:00:36.733712+00:00,7e7121b7dac437f5fc1819d81e7392a627ff976c81968942418eeb31640b04b2,https://blockchain.watch/alerts
767293,BTC,Bitcoin,bc1qm34lsc65zpw79lxes69zkqmk6ee3ewf0j77s3h,bc1ppt6nhww2ppmljhq9knutm056qnyqh5fejs6cvlcah5fe3n0y7yrqhch0tz,Binance,2026-05-12T04:00:22.727552+00:00,65b272c111fcc9c2a7e90d30fa5913bfaf6147a7264ef7056cbba7d9adf3b4ed,https://blockchain.watch/entities/binance
794932,BTC,Bitcoin,bc1qm34lsc65zpw79lxes69zkqmk6ee3ewf0j77s3h,bc1qr5czta923pjevl3r5tvuekyx8zu08asc32jjs4,Binance,2026-05-12T04:00:22.522594+00:00,12c41a978edffa706b39f2ca9f5c08af416d6f4c29f151a91b2347afab6d3516,https://blockchain.watch/entities/binance
3993557,BTC,Bitcoin,bc1q757dcrl8z9ljrzqscpz52l3eywwadald2mt3eg,bc1qm34lsc65zpw79lxes69zkqmk6ee3ewf0j77s3h,Binance,2026-05-12T04:00:22.286383+00:00,9073fef3ad7d35bdb1b2886b6bb209d75f8c6562881785cb7cc46d8993b70b13,https://blockchain.watch/entities/binance
1819124,BTC,Bitcoin,bc1qm34lsc65zpw79lxes69zkqmk6ee3ewf0j77s3h,16UDd5qtAZJTC6Bv57iqtRiD8h6KPBbY1o,Binance,2026-05-12T04:00:21.994861+00:00,3bf8a7dd1ccaff70a715f3ad84bfc990fe08f98f8e3c1bb69803beb2ec59598d,https://blockchain.watch/entities/binance
1237428,BTC,Bitcoin,bc1qm34lsc65zpw79lxes69zkqmk6ee3ewf0j77s3h,bc1q9vnkdtdyg4vtl8t7damj225zkngm3n9gqgytxp,Binance,2026-05-12T04:00:21.555728+00:00,f405127c2e6281f65c3ad44bc741c344d3184e2800a8770368d9489023fc906e,https://blockchain.watch/entities/binance
565922,BTC,Bitcoin,bc1qm34lsc65zpw79lxes69zkqmk6ee3ewf0j77s3h,1hWmJuMLiRiFwGADD4UHv54Rv1biKNZjk,Binance,2026-05-12T03:45:23.376803+00:00,10abef8ec28c38c08e652c4876cec7d512031f58ddd4d16ed2c7ad348dcd077b,https://blockchain.watch/entities/binance
3681327,BTC,Bitcoin,bc1qm34lsc65zpw79lxes69zkqmk6ee3ewf0j77s3h,bc1qge3gt9y6xc69pn3a7xtv4ezpdnfag4zne65pcj,Binance,2026-05-12T03:45:23.268056+00:00,58eaa0c39bea0638a6d043e873b59b6da843219584db01173014e028c5f5950c,https://blockchain.watch/entities/binance
531984,BTC,Bitcoin,bc1qm34lsc65zpw79lxes69zkqmk6ee3ewf0j77s3h,bc1q5gpyu422gfh94mym2fmw4lkkzklvfhpphfcwsx,Binance,2026-05-12T03:45:22.668905+00:00,6f9624dedfc305f438a4edd86a5d8e3613bbd5d8cb2fa50d8df038d15673b916,https://blockchain.watch/entities/binance
2133512,BTC,Bitcoin,bc1qm34lsc65zpw79lxes69zkqmk6ee3ewf0j77s3h,bc1qu5c5u4e97px7l6qpfyfppz48rz3gpfe44gye8c,Binance,2026-05-12T03:30:21.975369+00:00,ee5eb107c07e4e582e2e552495db1bbbd8778f400920f2bc16a3ebea41adfcdd,https://blockchain.watch/entities/binance
16506780,BTC,Bitcoin,bc1qm34lsc65zpw79lxes69zkqmk6ee3ewf0j77s3h,15DomY3arDPw5jD658Mbf3AY3wT3YCDmW2,Binance,2026-05-12T03:30:20.752479+00:00,d6e661f0cab46e87bb8a51baf8bc20f3fabab4523ab90a7dc282933b407f434d,https://blockchain.watch/entities/binance
3445047,BTC,Bitcoin,3Mbb6gKyr8KTSCT4VkEyVvkdd8MW5srg8w,3Ky9RNarFTwZ4SywztDuBbaLAr5dqTujkt,,2026-05-12T03:15:50.492014+00:00,3b97ac3f2274b8c1c0ba18802f5c06169556f05c80b1a21cb8bef360973830b2,https://blockchain.watch/alerts
3584129,BTC,Bitcoin,bc1qm34lsc65zpw79lxes69zkqmk6ee3ewf0j77s3h,bc1qa50yltqf8vy27nxdna6r698wmjkd68cy04anq0,Binance,2026-05-12T03:15:34.376887+00:00,e03aac020c4620eb0bacb0296894068f84e3af3c4ba4b422f5cc3fd214e0471d,https://blockchain.watch/entities/binance
2523950,BTC,Bitcoin,bc1qm34lsc65zpw79lxes69zkqmk6ee3ewf0j77s3h,bc1q8nv8mqq6sdn7ly7wfv0uj292c3aedcztztgs9t0zrvnrtuajzmasg5ylkt,Binance,2026-05-12T03:15:34.280687+00:00,43759c1429640794f43d35c13d070cc46b0539962c35bb53451da9506ffc834b,https://blockchain.watch/entities/binance
2235074,BTC,Bitcoin,bc1qm34lsc65zpw79lxes69zkqmk6ee3ewf0j77s3h,bc1pgxsj6kt59p2lywlrhpvzj07f84ftdcqqket84z58rq9sjdv0rupq667tju,Binance,2026-05-12T03:15:34.168709+00:00,96eb90750e98126329a095e342cb0b83d428ad6aacd37c0296450126e97b176d,https://blockchain.watch/entities/binance
1958487,BTC,Bitcoin,bc1qm34lsc65zpw79lxes69zkqmk6ee3ewf0j77s3h,bc1qx6a6s7cfqrd9zr79zqakk8mjaejxhkv0v6972z,Binance,2026-05-12T03:15:34.044804+00:00,87788ea561f583e975513fb8fcf8427d0e64173a7a7a8d011f7ac506d45bf54d,https://blockchain.watch/entities/binance
4056286,BTC,Bitcoin,bc1qm34lsc65zpw79lxes69zkqmk6ee3ewf0j77s3h,bc1p2mlwrss9tmvtfvu0tcxul2h0w67ej8vyjpj3ksctt67vd9r752ksqx6uqm,Binance,2026-05-12T03:15:33.953961+00:00,261aec4aa6eb13dc99874ce745b8af591f6f042a1190899cb6138324a9e9a931,https://blockchain.watch/entities/binance
1615758,BTC,Bitcoin,bc1qm34lsc65zpw79lxes69zkqmk6ee3ewf0j77s3h,1Mo1UeNE4En6HbUZQPE8JdSa5489TkUzSG,Binance,2026-05-12T03:15:33.367414+00:00,227802386d3b5b79f9f9f4741ad336204a4b78104c79be633e6487999bda8191,https://blockchain.watch/entities/binance
7840228,ETH,Ethereum,0x4f0841b9bfd0afba64328ccc039cd9a9a7280fa1,0x28c6c06298d514db089934071355e5743bf21d60,Binance,2026-05-12T03:00:39.242244+00:00,0x60d0bb9fe5b8316ecc1263640ce601bd347d41384ac1019b275607bf3774863f,https://blockchain.watch/entities/binance
2099269,ETH,Ethereum,0xeae7380dd4cef6fbd1144f49e4d1e6964258a4f4,0x28c6c06298d514db089934071355e5743bf21d60,Binance,2026-05-12T03:00:39.036811+00:00,0xfcdb55a442279367443b9351fc221bcbd190a0e07a3e8562b82e062422248b2c,https://blockchain.watch/entities/binance
814432,BTC,Bitcoin,3DGxAYYUA61WrrdbBac8Ra9eA9peAQwTJF,19fD7RNxNTYjSMAr6xtAWMYmJbjKdRUYEk,,2026-05-12T03:00:37.743864+00:00,11a7a026d3bc111231db38e7c0620c7414a0384b024b1afa9d83cba4e5642837,https://blockchain.watch/alerts
9559915,BTC,Bitcoin,bc1p2ws3jd3krrplhs2r8z7pfv8dyydy2mh0y0ejqj4eesqv4cx4c6xq6x5yjg,bc1qtzhmg30jrp9p346ul5xevut6h4c73zrhj58scs,,2026-05-12T03:00:37.571299+00:00,200c4839b74e11944e2bac25da0214c980295412793639bde37d484b4df40bb6,https://blockchain.watch/alerts
639233,BTC,Bitcoin,3JZ3byZy7TTrfy8zdxrm9iqJrdsaZ5CrNw,bc1qr4dl5wa7kl8yu792dceg9z5knl2gkn220lk7a9,Kraken,2026-05-12T03:00:30.374465+00:00,19481e46697fe0355bdba14b6202aeced22afc60cbc894969e4e413942cd324e,https://blockchain.watch/entities/kraken
598803,BTC,Bitcoin,1KVkZV2uPBtZQC4DinYPNksAHcoDhdWHsL,bc1qm34lsc65zpw79lxes69zkqmk6ee3ewf0j77s3h,Binance,2026-05-12T03:00:22.548533+00:00,7ec8815d69689f26214981b244af8553578dd160b188ef53b45ea2cfa1f18d44,https://blockchain.watch/entities/binance
1953998,BTC,Bitcoin,bc1qm34lsc65zpw79lxes69zkqmk6ee3ewf0j77s3h,bc1q0dzpfwp7238kgtak46plh9n6ucya72stz4al5w,Binance,2026-05-12T03:00:22.261976+00:00,d2011d5dacbdfa7a17b80d0f07dff250583186e21ef78bb41e28c028dec707be,https://blockchain.watch/entities/binance
1343400,BTC,Bitcoin,bc1qm34lsc65zpw79lxes69zkqmk6ee3ewf0j77s3h,1BnZNKHArzUVGva8M6Msf3AdA8eKDgdE4D,Binance,2026-05-12T03:00:21.409334+00:00,14b2b5b8146149c40e7cd351d1edfb4b94f3f59ece44ffeabe0f51b82aff7dc4,https://blockchain.watch/entities/binance
7413727,BTC,Bitcoin,16zNkBWnjeDpiprGy582z8TnQQ1mdynBJu,bc1qm34lsc65zpw79lxes69zkqmk6ee3ewf0j77s3h,Binance,2026-05-12T02:45:45.224404+00:00,98e75c959c90996ba368017e9646a0d248e71eac661ae6b9f16dbd56f0e85aef,https://blockchain.watch/entities/binance
8167249,BTC,Bitcoin,1KbDEg1tDz2ErYgaDbaDhhawnLrSQFaFx5,bc1qm34lsc65zpw79lxes69zkqmk6ee3ewf0j77s3h,Binance,2026-05-12T02:45:45.120562+00:00,85d97e3160cd68d06615641b397940ffd936faf66e8bcee13dc4a756267ddd4a,https://blockchain.watch/entities/binance
4060917,BTC,Bitcoin,bc1qm34lsc65zpw79lxes69zkqmk6ee3ewf0j77s3h,bc1qecg9v4grccjlefju045lm3a4faprqzjtxundfj,Binance,2026-05-12T02:45:45.016821+00:00,0f2927f2ea3fd0e00fd803e49b500113caf13adef7420590a36fd65f06c00e96,https://blockchain.watch/entities/binance
820418,BTC,Bitcoin,bc1qm34lsc65zpw79lxes69zkqmk6ee3ewf0j77s3h,bc1qtqzcv3lkkzew32qajwz6gknj78v6g8psx8v29x,Binance,2026-05-12T02:45:44.911562+00:00,c723809758c6f9eba54fc3203fb99744f8ee9ca2b21e36980dab10d7b996f06b,https://blockchain.watch/entities/binance
5103419,ETH,Ethereum,0x5019e301988b7aaf9b3c6d13cc6db36be642902b,0xa9d1e08c7793af67e9d92fe308d5697fb81d3e43,Coinbase,2026-05-12T02:45:25.654447+00:00,0x96b9ab6a3a506a87c8ee227af3a083f74924df814bc94dec17a5c8cc1363b862,https://blockchain.watch/entities/coinbase
14672725,BTC,Bitcoin,324H9uyTV9bPgAVgmdJNxPKKKZmowk5CYq,1KbDEg1tDz2ErYgaDbaDhhawnLrSQFaFx5,,2026-05-12T02:30:40.312376+00:00,57314ec0137698a455a56c5591b4d44a25945ab9ffaee209292e1cd852a3c774,https://blockchain.watch/alerts
638958,BTC,Bitcoin,3JZ3byZy7TTrfy8zdxrm9iqJrdsaZ5CrNw,bc1qr4dl5wa7kl8yu792dceg9z5knl2gkn220lk7a9,Kraken,2026-05-12T02:30:32.840571+00:00,87e08dfa602271ab3d712d94637ff74d260eba25d17b7a09741dd8305d06c86b,https://blockchain.watch/entities/kraken
3132742,BTC,Bitcoin,bc1qm34lsc65zpw79lxes69zkqmk6ee3ewf0j77s3h,bc1qjk2rel4jseg0sq5dvzzt9u2d8c6fz63svz2cda,Binance,2026-05-12T02:30:24.662925+00:00,4149b974d67464d699e9eb4284937f7fad42b5fa45f0e3d53d73f18d9e37d354,https://blockchain.watch/entities/binance
827121,BTC,Bitcoin,bc1qm34lsc65zpw79lxes69zkqmk6ee3ewf0j77s3h,3PmQHvhbwwuBazZAeGLRrRL22dW2YwjqfX,Binance,2026-05-12T02:30:24.488513+00:00,fcf381e20ec39e2a4fd95c2373f9befb77bb32a29710e72b150815732cb9a0d6,https://blockchain.watch/entities/binance
773224,BTC,Bitcoin,bc1qm34lsc65zpw79lxes69zkqmk6ee3ewf0j77s3h,bc1qspw9n3phy6e0wrxfek5h4y3e2wlfrzac4dxv4p,Binance,2026-05-12T02:30:24.317964+00:00,0adb4282fb3136d4613210f38edf6857592babc3367c9fada6b012bf155d43e8,https://blockchain.watch/entities/binance
768459,BTC,Bitcoin,bc1qm34lsc65zpw79lxes69zkqmk6ee3ewf0j77s3h,1B3Pfskoq3LtciKJS8wfjoKogJA5dQZG8T,Binance,2026-05-12T02:30:23.576399+00:00,80bbdd0353a65ca7bbcc94ffbb68a1c3e5917a92e0335b0d2692f2fc9eb4fc72,https://blockchain.watch/entities/binance
1187952,BTC,Bitcoin,bc1q7cyrfmck2ffu2ud3rn5l5a8yv6f0chkp0zpemf,1NFatX7Pg7n7mSc3LADRh3PnJhZ9kW4oyP,,2026-05-12T02:00:35.585158+00:00,aae312c2f042c1933cdc9610fdd58d0e7cf8f6b8d14c8afbeb791851b9240840,https://blockchain.watch/alerts
186512820,BTC,Bitcoin,bc1qwfkngwsl3n2yrnttsmv3q849arwjlxzay34v7e,12DezRFkKToAiLTDNru1g7FuvtAWMwCZ7N,,2026-05-12T02:00:35.494598+00:00,c6bf0fbd08153ad8cde917f1c1cc66134b14d370dcf5edf3dbd79962bfb915e8,https://blockchain.watch/alerts
2418025,BTC,Bitcoin,3PQstJuScWBgP1QAaxbCTpuzrYkG73dZi4,bc1qyy30guv6m5ez7ntj0ayr08u23w3k5s8vg3elmxdzlh8a3xskupyqn2lp5w,,2026-05-12T02:00:35.405729+00:00,5d9b02e2b045092dd2370af67303643798761cfb6a0613324745336c6041b8df,https://blockchain.watch/alerts
7340282,BTC,Bitcoin,bc1qm34lsc65zpw79lxes69zkqmk6ee3ewf0j77s3h,bc1qupc68azr3tde2y5930m08hauumstrkec2ycsrn,Binance,2026-05-12T02:00:21.773157+00:00,22fff96843fe14147c01094d853fe36094f2d13b58a138d58598a7d595f3b2d0,https://blockchain.watch/entities/binance
762681,BTC,Bitcoin,bc1qm34lsc65zpw79lxes69zkqmk6ee3ewf0j77s3h,bc1qwadm0vaaacsmruvrgcftaqfkm9qkyn42k6uwf7,Binance,2026-05-12T02:00:21.679851+00:00,0e98644e7fc754225a7f6a67729f93d0ab0fd62adfdd127b3272052417bd24f4,https://blockchain.watch/entities/binance
3875486,BTC,Bitcoin,bc1qm34lsc65zpw79lxes69zkqmk6ee3ewf0j77s3h,bc1qeu752jujgwn7ep9x2dmgt8lh8kaqxkv99vvk22,Binance,2026-05-12T02:00:21.591002+00:00,5833b3f8b726cc710b9bad166b0dd07817b269359c3b0121fe0ca39d212235f5,https://blockchain.watch/entities/binance
2204866,BTC,Bitcoin,bc1qm34lsc65zpw79lxes69zkqmk6ee3ewf0j77s3h,3EUrR6RRudFGN1z8LWENdYs1VfPx3pGYYj,Binance,2026-05-12T02:00:21.452892+00:00,c3431f326e6843b08d3931ebb8b3545a8aa6a9359edb56852b843aee1cde8820,https://blockchain.watch/entities/binance
3041749,BTC,Bitcoin,bc1qm34lsc65zpw79lxes69zkqmk6ee3ewf0j77s3h,bc1qvf3hhl2jj75tq834yrrud3tj5ltrsqzsgevyhadfytar5depvlgqpfvpau,Binance,2026-05-12T02:00:21.298652+00:00,17b8c2b55641d98056e275df5e26b8e89495de537db529bc4270e51bbef74565,https://blockchain.watch/entities/binance
2293728,BTC,Bitcoin,bc1qm34lsc65zpw79lxes69zkqmk6ee3ewf0j77s3h,1Km2r1DtNXiV1nMpoxbcYb7rFTg6asRixn,Binance,2026-05-12T02:00:21.134456+00:00,fbd7f6a6935984353be6e436501a2ca17745694aae4c3899cbe25d555b9ebef8,https://blockchain.watch/entities/binance
1545170,BTC,Bitcoin,bc1qm34lsc65zpw79lxes69zkqmk6ee3ewf0j77s3h,3PmQHvhbwwuBazZAeGLRrRL22dW2YwjqfX,Binance,2026-05-12T02:00:20.909647+00:00,1863808b7973089bfd2d4cf26720b1176091c391458fdf8c5cba9cbbb7293d16,https://blockchain.watch/entities/binance
1179932,BTC,Bitcoin,bc1qm34lsc65zpw79lxes69zkqmk6ee3ewf0j77s3h,16wp2Aa1ESYZpk3P8gJzq4HHCxtPdcnRDC,Binance,2026-05-12T02:00:20.342708+00:00,4488ead65e10a32daca0d974eedfa38f24a12d2a3b31f225838e2f752e034fda,https://blockchain.watch/entities/binance
7713372,BTC,Bitcoin,bc1qm34lsc65zpw79lxes69zkqmk6ee3ewf0j77s3h,17bvtNFe7pbnaF3attdz8SEUhxVfheyNNi,Binance,2026-05-12T01:45:22.37822+00:00,2dd8aef250a8572c5e120b931d7262c0cab272619b6ea6cc7f86ccf0f899e105,https://blockchain.watch/entities/binance
2323070,ETH,Ethereum,0x667cc3145f9f63bd796a1a62ef504aaa160550e5,0x28c6c06298d514db089934071355e5743bf21d60,Binance,2026-05-12T01:30:38.022043+00:00,0x5e8997b38765ebfc83119c7610d3e0261a7f316106d45b060c9576b9e9a09e78,https://blockchain.watch/entities/binance
1858456,ETH,Ethereum,0xa3f445ff90312bda2569a57e5916ec6c145f91b0,0x28c6c06298d514db089934071355e5743bf21d60,Binance,2026-05-12T01:30:37.913963+00:00,0xd196111334d151a081bd5d0a8bff96c1f2efb8492676cacbf61ef6d4bd45ae28,https://blockchain.watch/entities/binance
11150738,ETH,Ethereum,0x6761826e71fa2f47fbd2db2eb9f94fbbd49a9e8a,0x88ff1e5b602916615391f55854588efcbb7663f0,,2026-05-12T01:30:37.457137+00:00,0x12e4febbee38d7c4ff2416a52bb75ae660bc7d751e094ce223af09b088bab825,https://blockchain.watch/alerts
4165355,BTC,Bitcoin,bc1qm34lsc65zpw79lxes69zkqmk6ee3ewf0j77s3h,bc1q2qvk0cdskehvdcv7c986e4cwu90d9sl97lz9yk,Binance,2026-05-12T01:30:22.201051+00:00,de3072dcbb13bd83cad995e4ddc91b41472c6811a867e9a57d264976bfe18737,https://blockchain.watch/entities/binance
3488787,BTC,Bitcoin,bc1qm34lsc65zpw79lxes69zkqmk6ee3ewf0j77s3h,3AsLSP4hf6DFESHzmdGg1TV85xFur7e97w,Binance,2026-05-12T01:30:22.116823+00:00,1a3809029245316e5fbd866b07d30e50783f2a8b2bbf06f2e754cf81a544524a,https://blockchain.watch/entities/binance
3412229,BTC,Bitcoin,bc1qm34lsc65zpw79lxes69zkqmk6ee3ewf0j77s3h,bc1p2ujxyf22elfx3lpck286lkvrk5sg5wyt2asc2dpecq2cdw6rg9qssjzhr2,Binance,2026-05-12T01:30:22.000395+00:00,dd1aba9756ac98041075a7bd9a395df92deaed6080bb6231bd06c359614ce556,https://blockchain.watch/entities/binance
3162903,BTC,Bitcoin,bc1qm34lsc65zpw79lxes69zkqmk6ee3ewf0j77s3h,bc1qvevcrxl3gerawakl8pm0l5fzpzm49w6x6g03vx,Binance,2026-05-12T01:30:21.866066+00:00,2a5af743fe6a1fc59a0108868edc8bed34559d85a49b084dcf81ce4c6e4fd4c3,https://blockchain.watch/entities/binance
2773703,BTC,Bitcoin,bc1qm34lsc65zpw79lxes69zkqmk6ee3ewf0j77s3h,3PmQHvhbwwuBazZAeGLRrRL22dW2YwjqfX,Binance,2026-05-12T01:30:21.743297+00:00,c3bbc51e1719746ef8ba5610417e3be4a3ddf3522604d1c557f4b350d233ff24,https://blockchain.watch/entities/binance
2323645,BTC,Bitcoin,bc1qm34lsc65zpw79lxes69zkqmk6ee3ewf0j77s3h,bc1plv26a0c2nehlhut0ywh295wlcf43vgukk4eu36ee2ky2u9sl6ryqxfk3e0,Binance,2026-05-12T01:30:21.58772+00:00,648d4492f89dc94b22080a0890a1a0861869ed4b22d0d14593f076b7f2cf894e,https://blockchain.watch/entities/binance
2150460,BTC,Bitcoin,bc1qm34lsc65zpw79lxes69zkqmk6ee3ewf0j77s3h,bc1qmkd6qxnc72zen3n0fqyzwukrsmuzjna7kdnwhe,Binance,2026-05-12T01:30:21.004283+00:00,0aa6945d11b2227086377d356a1a8099c30bd015d4339ab810d708d73c3cc331,https://blockchain.watch/entities/binance
7162392,BTC,Bitcoin,35KHekskDvZY9uSrBKkfvq9pa8njiNYrja,18XV5Zzkz8hDuF6cFeV2PYWTB5qT6KMDdR,,2026-05-12T01:15:41.918554+00:00,192988ad824be5ced2ca3a1e185bc6d28c4704b948805236c5a7102e8f02a576,https://blockchain.watch/alerts
2002177,BTC,Bitcoin,bc1qm34lsc65zpw79lxes69zkqmk6ee3ewf0j77s3h,bc1q3hwf7un7xkr290hl3lg9hgq4pmrse9arn2244e,Binance,2026-05-12T01:15:27.265887+00:00,8cb1c76b402375b5188db4a2a813b8334cf7feafec686f4732bfd69e1f5732f9,https://blockchain.watch/entities/binance
1785963,BTC,Bitcoin,bc1qnz2rhushv4mgyte9lwmsqldnv2d74nks3lauvx,bc1qm34lsc65zpw79lxes69zkqmk6ee3ewf0j77s3h,Binance,2026-05-12T01:15:27.094932+00:00,072abbf715cdd338724911bc7403db09349ccec1c2096357eedead25386111d1,https://blockchain.watch/entities/binance
1784638,BTC,Bitcoin,bc1qm34lsc65zpw79lxes69zkqmk6ee3ewf0j77s3h,bc1qffya0kc6j6wem89t3h2e47vh7rhlh354a06d8q,Binance,2026-05-12T01:15:26.987868+00:00,104c43d28b897ce0077fdcc94c024c9c76ba8968ee01b6abf72fe03bd12dd908,https://blockchain.watch/entities/binance
5829013,ETH,Ethereum,0xb5d85cbf7cb3ee0d56b3bb207d5fc4b82f43f511,0xa9d1e08c7793af67e9d92fe308d5697fb81d3e43,Coinbase,2026-05-12T01:15:11.816097+00:00,0x19a390974eef18357eb1b863ae816496a16493d1eee98363f487ff0861227e0a,https://blockchain.watch/entities/coinbase
811238,BTC,Bitcoin,bc1qryhgpmfv03qjhhp2dj8nw8g4ewg08jzmgy3cyx,3KiuPHxzQhPxeSTU49TCmS3pZxcWrk3bvS,,2026-05-12T00:45:38.274797+00:00,6080fae71a516c4cefbb3e725338dd08590df3cdb0c23d92abaee20025a1ea4d,https://blockchain.watch/alerts
2866728,BTC,Bitcoin,bc1qa7zfs4xg4au3a5w47yl3qshq8yjxa4p470l5pl5n8jskwsl2h4dq8jkf9c,bc1q8xzzjsfem8ex9yq25nfgn52kz8rlflgmde93r0lnlcy69rjaj5cs0jngsp,,2026-05-12T00:45:38.214702+00:00,ea4ccaae213b3a4aae1546938f88cf690f4682e211d59ef8e326029eafebe295,https://blockchain.watch/alerts
8848085,BTC,Bitcoin,bc1p2ws3jd3krrplhs2r8z7pfv8dyydy2mh0y0ejqj4eesqv4cx4c6xq6x5yjg,bc1qartrydy3f29ujmlukv2k3kgex2aud4mry4dz56,,2026-05-12T00:45:38.15076+00:00,e2d6eb8b7a11683d060752a69c7cb4e3ef28d35f260ba106795d2e957f3f179d,https://blockchain.watch/alerts
1067124,BTC,Bitcoin,3JZ3byZy7TTrfy8zdxrm9iqJrdsaZ5CrNw,bc1qr4dl5wa7kl8yu792dceg9z5knl2gkn220lk7a9,Kraken,2026-05-12T00:45:29.66086+00:00,68e592eac2e71bd89b15be7664c4ee09d53cf86f28ba9d3470ee5cbcadaca72a,https://blockchain.watch/entities/kraken
3878115,BTC,Bitcoin,bc1qm34lsc65zpw79lxes69zkqmk6ee3ewf0j77s3h,bc1q49nv04qcplpx05u7mkjda68t20q0hf5kfu74wv,Binance,2026-05-12T00:45:21.602908+00:00,979098532c53ed4fa2a2ceaaf32dd6d267c616072e2470789e7bb2583a802112,https://blockchain.watch/entities/binance
3836367,BTC,Bitcoin,bc1qm34lsc65zpw79lxes69zkqmk6ee3ewf0j77s3h,bc1qylh87rwhdcnj93mz7ahqaz0fhqagu7hlc0xle3,Binance,2026-05-12T00:45:21.5165+00:00,0329b45ebb7cc7d0484da2f2da362c480eaf0c7a6c81241568bfadd2ce242ff7,https://blockchain.watch/entities/binance
3581784,BTC,Bitcoin,bc1qm34lsc65zpw79lxes69zkqmk6ee3ewf0j77s3h,bc1q4296nxznv5scr6u9n7dc0zdfgfn8dg3c4042ac,Binance,2026-05-12T00:45:21.435346+00:00,1201671a92c0f4c0f879d52fcd215a19c7c97355252fc87ef69751e492ab42ad,https://blockchain.watch/entities/binance
3496229,BTC,Bitcoin,bc1qm34lsc65zpw79lxes69zkqmk6ee3ewf0j77s3h,bc1qvya0xa8mx5n7p7tzz9v57h04u6dl8m7apkzjw2,Binance,2026-05-12T00:45:21.3523+00:00,4bbe9df126bf890c5d5803d57940a3818e1fb9611be0b205cfc4adb2eb1de189,https://blockchain.watch/entities/binance
3430152,BTC,Bitcoin,bc1qm34lsc65zpw79lxes69zkqmk6ee3ewf0j77s3h,bc1qtjq8c6qhay4p9vjfcem5d22zrt209xuz8td2lt,Binance,2026-05-12T00:45:21.263988+00:00,94c921ce26878d5c8869afec8caa99a58522797f079ae90e8a7dede413876281,https://blockchain.watch/entities/binance
6949034,BTC,Bitcoin,1KbDEg1tDz2ErYgaDbaDhhawnLrSQFaFx5,bc1qm34lsc65zpw79lxes69zkqmk6ee3ewf0j77s3h,Binance,2026-05-12T00:45:20.686472+00:00,4a3ccce8875e7184616e70360a6b8dd62ef557148157bd47df33bbcedff395c6,https://blockchain.watch/entities/binance
2323532,BTC,Bitcoin,bc1q8h67dytup75uurg9jpj32mtudrauraf2fd7lnp,bc1qx56mw6nez7v7qf9cvwem6qqhe4rde44utcx8qr,,2026-05-12T00:30:36.342983+00:00,2314032729c8ca6415db0d08b5dad4f892c70417a7eaaccaa6170229e28c5388,https://blockchain.watch/alerts
1098360,BTC,Bitcoin,bc1qm34lsc65zpw79lxes69zkqmk6ee3ewf0j77s3h,33apZt5x7xENmfASbiydmUGuohZv43HquT,Binance,2026-05-12T00:30:22.9877+00:00,0dced8bcf63cd4ed662a6a57beaac260310b927226ca0528970df11f51393839,https://blockchain.watch/entities/binance
1112597,BTC,Bitcoin,bc1qm34lsc65zpw79lxes69zkqmk6ee3ewf0j77s3h,bc1qwadm0vaaacsmruvrgcftaqfkm9qkyn42k6uwf7,Binance,2026-05-12T00:30:22.87339+00:00,f76579b3ea81516ddc0820607a9143cdff9ba365275411b6dc5e84bda03dc972,https://blockchain.watch/entities/binance
2617623,BTC,Bitcoin,bc1qm34lsc65zpw79lxes69zkqmk6ee3ewf0j77s3h,bc1qf2r8eqhxkxvcn5ecptf2w3aeq4nj6xcdazsrkp,Binance,2026-05-12T00:30:22.760708+00:00,2a70a787c725fc8f08ab8564fda910bbb492585a845675adac0c46e27f4b93cb,https://blockchain.watch/entities/binance
2395527,BTC,Bitcoin,bc1qm34lsc65zpw79lxes69zkqmk6ee3ewf0j77s3h,bc1qnqjp2ernxhdctqjfllarkfy96ml7m40v5lduua,Binance,2026-05-12T00:30:22.625356+00:00,420f6ab5de5f5d8723f32ea36313252beaa92bd5824d4a53aed3946769734466,https://blockchain.watch/entities/binance
1935849,BTC,Bitcoin,bc1qm34lsc65zpw79lxes69zkqmk6ee3ewf0j77s3h,3BTkVV49MLooaQgzMgJZBZetngtoenB6AP,Binance,2026-05-12T00:30:22.499863+00:00,c2fe4b5841fe1b9d8c94071bece20d32f9d9c6da118c1c8f474dd1869b8de5b4,https://blockchain.watch/entities/binance
1605434,BTC,Bitcoin,bc1qm34lsc65zpw79lxes69zkqmk6ee3ewf0j77s3h,bc1qknvyd059wwt3uwva3u78yzd4u7tgxqy6cyvn59,Binance,2026-05-12T00:30:22.370541+00:00,d8ed4654fa778bd20929fd2bca9e35f12742e0cd52d70cdcde6285e7b55e7750,https://blockchain.watch/entities/binance
1198623,BTC,Bitcoin,bc1qm34lsc65zpw79lxes69zkqmk6ee3ewf0j77s3h,18QDBj9MZycGMmDv8EvK9t3WhRcJuAmqr9,Binance,2026-05-12T00:30:21.905347+00:00,80eca6c9ff31707b0a719ae42512f85882a7d8e295b97d870a529e7ff931246a,https://blockchain.watch/entities/binance
1289135,BTC,Bitcoin,bc1qm34lsc65zpw79lxes69zkqmk6ee3ewf0j77s3h,bc1q024986gk7lef5zxdmr6nae9glurk6knltah7vp,Binance,2026-05-12T00:15:38.688104+00:00,cefaaf0cd40034270c779ebd9b2a6e2407a44b9b91d7c54d6f98a805380fa8f3,https://blockchain.watch/entities/binance
512014,BTC,Bitcoin,bc1qm34lsc65zpw79lxes69zkqmk6ee3ewf0j77s3h,3HkF8d7q4eBG5QLEcembZFv1xUUezGW21C,Binance,2026-05-12T00:15:37.950652+00:00,4de15face77270d2f69ae9af37da1b423097410e168f9c677ccc9f9197e97cf4,https://blockchain.watch/entities/binance
699667,ETH,Ethereum,0xeae7380dd4cef6fbd1144f49e4d1e6964258a4f4,0x28c6c06298d514db089934071355e5743bf21d60,Binance,2026-05-12T00:00:39.432197+00:00,0x2a8f3ad5ae0e1c6c97fd6fd7f7692fdf28ad273c7b5bc2860708445eea19f251,https://blockchain.watch/entities/binance
3590969,BTC,Bitcoin,bc1qm34lsc65zpw79lxes69zkqmk6ee3ewf0j77s3h,bc1qkklq7n7uu6qlfln8kz65mz5jttv7ldca8lcwx3,Binance,2026-05-11T23:45:20.693573+00:00,fac2e926c60e7e414c24378be61366137d7ff887763775490f25c0f2b1014602,https://blockchain.watch/entities/binance
2428690,BTC,Bitcoin,bc1qm34lsc65zpw79lxes69zkqmk6ee3ewf0j77s3h,1KW7utFu54aPchyPMvofjo5s3oxkQp2Q4L,Binance,2026-05-11T23:45:20.116703+00:00,90eda5876a4eaeeaf4265b5afbada53f31c69dd906709839e452a4fb1f1da57c,https://blockchain.watch/entities/binance
646811,ETH,Ethereum,0x71cfff26d2161712aff3a2e42fb7a75acf7ae7b4,0x28c6c06298d514db089934071355e5743bf21d60,Binance,2026-05-11T23:30:37.977459+00:00,0x9fdd6174ac3cce1d13a348b1550ab5a05018bfbc17a32a1e4d1fddad1c21cf68,https://blockchain.watch/entities/binance
1136417,BTC,Bitcoin,bc1qvjnrs2jmjm4zpy7d89hczhr86qt9wauzw09gvc,bc1qjyd7tj6dp8n6auk9ntlmvw3630uak8jc56rmnv,,2026-05-11T23:30:36.722071+00:00,e0a30f28903e3580db0bfe66de855db7363d5b76162192755fb398a053694e70,https://blockchain.watch/alerts
931173,BTC,Bitcoin,bc1qm34lsc65zpw79lxes69zkqmk6ee3ewf0j77s3h,bc1qcgwnj90a7hevd9jgy4dv7e63ywyt7fyp8m0zsh,Binance,2026-05-11T23:30:21.849887+00:00,bdc341fe2d1846bcbee375464f49639cfac47edadeb5c358356c359ca737c7b5,https://blockchain.watch/entities/binance
851214,BTC,Bitcoin,bc1qm34lsc65zpw79lxes69zkqmk6ee3ewf0j77s3h,169mPpa9qfeKZx6bQKvWgXWvGenfKbrSNv,Binance,2026-05-11T23:30:21.768585+00:00,3279ec434db0c122e4fe1c2aad0b73a10cf1ff41ff4497c0f640dda60396a09e,https://blockchain.watch/entities/binance
762104,BTC,Bitcoin,bc1qm34lsc65zpw79lxes69zkqmk6ee3ewf0j77s3h,3BGYoBi4LbdMC6FVMNZ4vxN9jVPEUUWJjM,Binance,2026-05-11T23:30:21.672728+00:00,478ef341912f355ece04bdc7b9a79ae07ffdf9ac628de3a5b8973f17b3f29ed0,https://blockchain.watch/entities/binance
624723,BTC,Bitcoin,bc1qm34lsc65zpw79lxes69zkqmk6ee3ewf0j77s3h,bc1q9z5w64trctjm2lc4qm9wv7lzdu9xte9shl3gxv,Binance,2026-05-11T23:30:21.523416+00:00,9d56cd31ccb990a1b83938dd8c9bd3c06a45a410b513b29599588415359fa7fc,https://blockchain.watch/entities/binance
1209790,BTC,Bitcoin,bc1q7cyrfmck2ffu2ud3rn5l5a8yv6f0chkp0zpemf,bc1qyqr9cfgx39rfzv8rku6vt374mhx5q2wcgrfu9v,,2026-05-11T23:00:36.841536+00:00,ab5446d9c3c985e067f5095c5cd4bbd7fe393c11534b8463e18825c46d87303a,https://blockchain.watch/alerts
7942259,BTC,Bitcoin,bc1qm34lsc65zpw79lxes69zkqmk6ee3ewf0j77s3h,bc1qy6npxfmutc7hfegwlkjqzw7zscpdx2eu902wvl,Binance,2026-05-11T23:00:20.623847+00:00,54cac91c4cd3203efe793fd27176e7f0f9b4192e80059374b0c7685e9c87995f,https://blockchain.watch/entities/binance
18816951,BTC,Bitcoin,bc1qm34lsc65zpw79lxes69zkqmk6ee3ewf0j77s3h,bc1p9wnsgfardqz80pppw5pdzewpzwfr4vf4hdc989u2m5ezpkdjmfpq2930lq,Binance,2026-05-11T23:00:20.525615+00:00,975fdc50ccf20bca60b7445363570e160bc425c13effa59d65d0cf905386b92f,https://blockchain.watch/entities/binance
2180217,BTC,Bitcoin,bc1qm34lsc65zpw79lxes69zkqmk6ee3ewf0j77s3h,144Hc5UGDBcUxkxR8wHtydtJnUUneRQJGZ,Binance,2026-05-11T23:00:20.368504+00:00,a86cb565dee66db30a8d8f36a1007fe524aba8da1bd3c32c5f322be86734ff3b,https://blockchain.watch/entities/binance
1028714,BTC,Bitcoin,bc1p0jj3rnmwzw9tpm48zdptesx5dhxzqkm7qs3yu9t4hpu84hdfjz9sudzv3s,bc1qny0348r6ewpj3g0h0q8mry73tpyq8lg07j003l,,2026-05-11T22:45:36.512244+00:00,1443f80835a2f2b504b2dd0e178108fe78832f3e34a73a34867a3f0962fb9d2e,https://blockchain.watch/alerts
784237,BTC,Bitcoin,bc1qwqdg6squsna38e46795at95yu9atm8azzmyvckulcc7kytlcckxswvvzej,bc1qj6r6d80dxuj2k5m9f2tep6w9gqpmw4alzpejes,,2026-05-11T22:45:36.435052+00:00,eb88177c4e8935af0c438c7fbbff8f9f649549f693448e2ee7145d1ac879046b,https://blockchain.watch/alerts
7070393,BTC,Bitcoin,1QnD8raC4V1psQjP1pnjiPQ93LkTPuk4J,bc1qm34lsc65zpw79lxes69zkqmk6ee3ewf0j77s3h,Binance,2026-05-11T22:45:22.516507+00:00,3fbd8e4a53d6c6cc8d962075a2cd2f1ea2fc4834f095750a2beb9d9aa591e83b,https://blockchain.watch/entities/binance
14257765,BTC,Bitcoin,1KbDEg1tDz2ErYgaDbaDhhawnLrSQFaFx5,bc1qm34lsc65zpw79lxes69zkqmk6ee3ewf0j77s3h,Binance,2026-05-11T22:45:21.939331+00:00,d0eb7b8d0fa806dcdac46b6a74fea70d2f36a599ffc33c52b4d9ac4b5b371def,https://blockchain.watch/entities/binance
4268768,ETH,Ethereum,0xeae7380dd4cef6fbd1144f49e4d1e6964258a4f4,0x28c6c06298d514db089934071355e5743bf21d60,Binance,2026-05-11T22:30:36.392176+00:00,0x70d3585049d8f901217a4d88c0a867f833aa5bf2480364bf892ecbf5f10f5f6d,https://blockchain.watch/entities/binance
968025,BTC,Bitcoin,bc1qm34lsc65zpw79lxes69zkqmk6ee3ewf0j77s3h,bc1q2saxua7sdxjntwa6348u9355jgungz5dkdr4zj,Binance,2026-05-11T22:30:21.151724+00:00,ec60aacf4da35e082a335c432937097d890ac646f8bc80062cf4bff82bfe0acd,https://blockchain.watch/entities/binance
789800,BTC,Bitcoin,bc1qm34lsc65zpw79lxes69zkqmk6ee3ewf0j77s3h,bc1qngzkymcgqy29nnyc37sxx0ds9j64vf7yksde38,Binance,2026-05-11T22:30:21.052016+00:00,9637019d3889d507b3a6580f82c3f1f106ffb08274ed18c9f24ffb5ea95d0f59,https://blockchain.watch/entities/binance
638290,BTC,Bitcoin,bc1qm34lsc65zpw79lxes69zkqmk6ee3ewf0j77s3h,bc1p3kgm96xftfxc9s8a9ev948lc2ymxuplld4fnlt9j6avchwn3nl2qtlpgrp,Binance,2026-05-11T22:30:20.914818+00:00,f15fd50558c462a39bff5802e446f30688f3eb23190496e8af2cb1bad33b0d94,https://blockchain.watch/entities/binance
1034453,BTC,Bitcoin,bc1qm34lsc65zpw79lxes69zkqmk6ee3ewf0j77s3h,bc1qc03whkn72v5ff0xcy56lyxygx6lnnncv9fzt92,Binance,2026-05-11T22:30:20.689183+00:00,497cc32175279a4b1e08329e9474ef054e8ba9446d1620ec71a6cc1957351c2e,https://blockchain.watch/entities/binance
4901330,BTC,Bitcoin,324H9uyTV9bPgAVgmdJNxPKKKZmowk5CYq,1KbDEg1tDz2ErYgaDbaDhhawnLrSQFaFx5,,2026-05-11T22:15:37.991619+00:00,a9dc946641ada708ffea33b45a10d348ce0ec2ce8ff00ae8678fed6a125da8a9,https://blockchain.watch/alerts
2642484,BTC,Bitcoin,bc1qe50tnj0yld7k0zqslttqay4xcldu4mlahgypf6,bc1q4qxg9t6f77cllt675uwfr4vxttu3pq69vmxu0a,,2026-05-11T22:15:37.593135+00:00,62e62351e4c475da99c90b8959def1f018ac576b0728b54e3705500c891db182,https://blockchain.watch/alerts
3755467,BTC,Bitcoin,bc1q5ewesnnw3k6xdmx6xyn3attr5pdzzhqmxkq0k3,bc1qm34lsc65zpw79lxes69zkqmk6ee3ewf0j77s3h,Binance,2026-05-11T22:15:23.721963+00:00,4a6e7cb6af868f44022524eb5d77777c517ae1a83bfd032015af73d488437b6d,https://blockchain.watch/entities/binance
7661858,BTC,Bitcoin,bc1qm34lsc65zpw79lxes69zkqmk6ee3ewf0j77s3h,14CPHRKLiopxfSLy6pUEGBnX29PqLeVqWK,Binance,2026-05-11T22:15:23.608944+00:00,4b0e396f8dcbe8ed0005ffee5e5cbd045c3f973d9f3d10fc41d8542b8589775b,https://blockchain.watch/entities/binance
1132895,BTC,Bitcoin,bc1qm34lsc65zpw79lxes69zkqmk6ee3ewf0j77s3h,bc1qqv5hq43tjqk5zuvqkhcsd5jz7gunt96mv9unp4,Binance,2026-05-11T22:15:23.464469+00:00,a7cdb8a0a516ceaeae3758310930c39d52ed8843e37813f4253f171f7ee0a581,https://blockchain.watch/entities/binance
831845,BTC,Bitcoin,bc1qm34lsc65zpw79lxes69zkqmk6ee3ewf0j77s3h,3BGYoBi4LbdMC6FVMNZ4vxN9jVPEUUWJjM,Binance,2026-05-11T22:15:22.810634+00:00,bdfe95a53812851c348f867ca59c5174d15c7f9a319eefd232e553d374ae1d5e,https://blockchain.watch/entities/binance
697284,ETH,Ethereum,0xeae7380dd4cef6fbd1144f49e4d1e6964258a4f4,0x28c6c06298d514db089934071355e5743bf21d60,Binance,2026-05-11T22:00:38.582073+00:00,0x64ffbae52b8266212b0eafd1f3d633cc9b4ec2ba4a1f9e1f5b7890e0d496fb11,https://blockchain.watch/entities/binance
509273,BTC,Bitcoin,bc1psr492c4gs0h2quucnjxfj5pgdaatr6wf5t67zd2zzyh5ygzh6j8sh02zzz,bc1qvk8j9e5dfytdssh4rryyws08jyvenql3czfc7f,,2026-05-11T22:00:37.512476+00:00,8fff3a7d31b00fc8ae626cfcf8b598f15779376b6ed0e121028fd55a8424dd65,https://blockchain.watch/alerts
4173305,BTC,Bitcoin,bc1qm34lsc65zpw79lxes69zkqmk6ee3ewf0j77s3h,bc1q5dnrdu6krksxuzv42va737ud5l9svv9geed2lu,Binance,2026-05-11T22:00:22.874534+00:00,eff8040c84983f3a01757bca8eb179929fcb9d2cf39ce30a4246f8c5c61f64db,https://blockchain.watch/entities/binance
660873,BTC,Bitcoin,bc1qm34lsc65zpw79lxes69zkqmk6ee3ewf0j77s3h,bc1qfhp6r9kk8m8lteygcv7ydd3hkvcsgfqnr8wdqu,Binance,2026-05-11T22:00:22.750052+00:00,54675574532fd35a19087871a6304e5e68c85bc567cad69b6c615e4c8964470f,https://blockchain.watch/entities/binance
2659204,BTC,Bitcoin,bc1pfewahnqzlz2ga6yw88yskqjp8wqnqfrchwvu4ewwhmqg5k74nhzstxz4mm,17cZiyRebAYGGnJuxCvN8JkdscnerHZVwe,,2026-05-11T21:45:48.073234+00:00,313070cff6e5e044ee8fb55b47de35e39d0f679b43b070e2a4cf328ad57c6bc5,https://blockchain.watch/alerts
4674514,BTC,Bitcoin,3JZ3byZy7TTrfy8zdxrm9iqJrdsaZ5CrNw,bc1qr4dl5wa7kl8yu792dceg9z5knl2gkn220lk7a9,Kraken,2026-05-11T21:45:41.403572+00:00,26ea1741b826769a9d13fe3475af157fa60a47751624946a77cfd0282d207702,https://blockchain.watch/entities/kraken
510689,BTC,Bitcoin,bc1qm34lsc65zpw79lxes69zkqmk6ee3ewf0j77s3h,36XqRD2K9j3qjJcnVchJMMyZ3ehSz9BrPY,Binance,2026-05-11T21:45:34.287642+00:00,17336677f6719688b993e916227ce2ad8eba2bab4d79452478f8a8495c588010,https://blockchain.watch/entities/binance
914236,BTC,Bitcoin,bc1qm34lsc65zpw79lxes69zkqmk6ee3ewf0j77s3h,144Hc5UGDBcUxkxR8wHtydtJnUUneRQJGZ,Binance,2026-05-11T21:45:34.209333+00:00,a53aaa32b1245509e353d5a013123638327f505cdcfb8b944536dcebb1160a5b,https://blockchain.watch/entities/binance
4516492,BTC,Bitcoin,bc1qm34lsc65zpw79lxes69zkqmk6ee3ewf0j77s3h,3K2FaTWczEVRMx5mn8FMibUcAoeGSBvMzi,Binance,2026-05-11T21:45:34.111995+00:00,f60fbb078763b3f0b23d889505298c9d69418cacc33ff65c2e5c90629cc61146,https://blockchain.watch/entities/binance
624891,BTC,Bitcoin,bc1qm34lsc65zpw79lxes69zkqmk6ee3ewf0j77s3h,1M7HNPju4nqMnmK7TKoYf4i2VQdXuchoqf,Binance,2026-05-11T21:45:33.562021+00:00,69c5963502ba2dcef4f49515938244a472a855a2660626d6857b3e651b52c657,https://blockchain.watch/entities/binance
21417507,BTC,Bitcoin,bc1qr4dl5wa7kl8yu792dceg9z5knl2gkn220lk7a9,bc1q7cyrfmck2ffu2ud3rn5l5a8yv6f0chkp0zpemf,Kraken,2026-05-11T21:30:32.699455+00:00,8e13ece8a8f9e8cbaf41dde04470479f1954861e6c43d73c7374061c9f4e7624,https://blockchain.watch/entities/kraken
1956912,BTC,Bitcoin,bc1qm34lsc65zpw79lxes69zkqmk6ee3ewf0j77s3h,bc1q6efcd70g599nxsw2gpvelxdffnt8a4l950qlus,Binance,2026-05-11T21:30:24.194196+00:00,405831f2aca6dc19d7b65f723a2dadd2b7bd64acf50593e3fbf3d2eac7886907,https://blockchain.watch/entities/binance
1569608,BTC,Bitcoin,bc1qm34lsc65zpw79lxes69zkqmk6ee3ewf0j77s3h,bc1q8ufufp8n3harlewr2nd7tvcpe5m9c3f5ctaj39,Binance,2026-05-11T21:30:24.107145+00:00,70e5752e72a50d4f09e2f8ee04bbf245d045a6a68dd56207e5e9a7b3134e6be5,https://blockchain.watch/entities/binance
1248030,BTC,Bitcoin,bc1qm34lsc65zpw79lxes69zkqmk6ee3ewf0j77s3h,bc1qwsw3wz3xszqnrggn99vg2lp08znhzd48skj3g3,Binance,2026-05-11T21:30:23.9599+00:00,f945b79b4a736533bad28c2e2c8ecbfe70a9a600ac260170750821804dcb1be9,https://blockchain.watch/entities/binance
510330,BTC,Bitcoin,bc1qm34lsc65zpw79lxes69zkqmk6ee3ewf0j77s3h,34hEG9ybemKE7o4fSgq71CNcYPydr5hbn6,Binance,2026-05-11T21:30:23.146848+00:00,103c3f9d600273e7f036015d4a1f518ed5b1eb8ffe1eb55397b09138dd22e14d,https://blockchain.watch/entities/binance
1848659,BTC,Bitcoin,bc1qvw3l4mpp595fagcs83t46ajrqjlngxajnrulcw,bc1qwyy8gnzcktvd0e4yrtut2m65n8krkcgegtqeuz,,2026-05-11T21:15:40.349224+00:00,86b7b3cad7ddfbc777ee1988a146a55cd761889276ccc937b8010869e3604fbd,https://blockchain.watch/alerts
2253710,BTC,Bitcoin,39NNWsiCBuLw9vdk4qQfUF2YTSg7BuoF3k,3FRMghJN3VJaWKcDGt3R73235M1Y5kou94,,2026-05-11T21:15:39.874189+00:00,4b68bdcfb3162a984517d7311306cc9ae94cf740257ee78ed5bb7bef5c6c2157,https://blockchain.watch/alerts
27540618,BTC,Bitcoin,bc1qm34lsc65zpw79lxes69zkqmk6ee3ewf0j77s3h,15DomY3arDPw5jD658Mbf3AY3wT3YCDmW2,Binance,2026-05-11T21:15:24.494417+00:00,799764b206bb90cb6f97dfe3a44a9ea69d90c4b58ec8e2de9643bdb26ebc66a2,https://blockchain.watch/entities/binance
1007999,ETH,Ethereum,0xeae7380dd4cef6fbd1144f49e4d1e6964258a4f4,0x28c6c06298d514db089934071355e5743bf21d60,Binance,2026-05-11T21:00:37.456815+00:00,0xad4b0f6e795c07e5fa1f506b15f05554c7122ea2f46bf4223d487e9a1ff1d8ec,https://blockchain.watch/entities/binance
20143180,BTC,Bitcoin,339eE2Psesw6UbEuHU1sZfnvVCtLA6DpLd,324H9uyTV9bPgAVgmdJNxPKKKZmowk5CYq,,2026-05-11T21:00:36.163739+00:00,0651e7bc5bdccab352b2099c5acfef737a52e6f594352f3fea3f5c9c152d96f3,https://blockchain.watch/alerts
1990385,BTC,Bitcoin,bc1ql2lmmgms6x92ex05z8plfwpx4hw62v2k88xts5,bc1qvw3l4mpp595fagcs83t46ajrqjlngxajnrulcw,,2026-05-11T21:00:36.088415+00:00,22fb0a7b879e5550dd643c324e4a39b93bf370b390768cf9ae19162dc1c8b76d,https://blockchain.watch/alerts
567640,BTC,Bitcoin,bc1qm34lsc65zpw79lxes69zkqmk6ee3ewf0j77s3h,bc1q5vj763exajsxa9nhyslyxuc8sgq0n28mftxxpp,Binance,2026-05-11T21:00:22.245723+00:00,c5a6f8acf0dad8c71288916b11339fecc17c3b1cda4377a8762743fc22c93791,https://blockchain.watch/entities/binance
5291692,ETH,Ethereum,0xb033a3844ce4bfe19c09af89913c6f5b4cdfe0e1,0x28c6c06298d514db089934071355e5743bf21d60,Binance,2026-05-11T20:45:38.306058+00:00,0x6eb11e9b4ebff941e224bfa7e1c9d10872edc32b0ae9a0852690abb0d05575bf,https://blockchain.watch/entities/binance
654734,BTC,Bitcoin,bc1ql26z8vf29ufamvs8mhjndk93sdegsk03clpuh8,17hGH4tGgjHr5ZawB57KHwJAGDyiUkjDAj,,2026-05-11T20:45:37.383395+00:00,ac9fac6d1028c9d4430b590a03e77a2820f39a6820b4ce6725f431ccd51dd897,https://blockchain.watch/alerts
653814,BTC,Bitcoin,bc1q55q234h9wetrgl3xxfqcre2r03r57zeu9f9yae,17hGH4tGgjHr5ZawB57KHwJAGDyiUkjDAj,,2026-05-11T20:45:37.31149+00:00,cbbeb2d9e61a4b3229c5019a11e7954a6f647b22f734064483a78f2a13f64f7f,https://blockchain.watch/alerts
654814,BTC,Bitcoin,bc1qqmeleth3nuwhsfzr0djf64hmxp43h0v7ny5sam,17hGH4tGgjHr5ZawB57KHwJAGDyiUkjDAj,,2026-05-11T20:45:37.23353+00:00,76b79093ba0554be36135131bb356fe7a5c09faf078705aa871452a967505d2f,https://blockchain.watch/alerts
654708,BTC,Bitcoin,bc1q886luh2aq6kf9rjt64uwwfqns0fllwhj6yke3n,17hGH4tGgjHr5ZawB57KHwJAGDyiUkjDAj,,2026-05-11T20:45:37.159999+00:00,4e9629cc499643e5c04f61b193dc9cca2b1dfea67eed8dd6e349c0d1a7de420b,https://blockchain.watch/alerts
4145528,BTC,Bitcoin,3HejuAJ2F3k8HtNBbkCKGa8emQz3u9m9Rt,33sB7g4z7bp7KZywS3AgVxgqVuNrKiozuB,,2026-05-11T20:45:37.055975+00:00,b6df79fbaba500e7343c34f2d56538c15b71c36864ebb9e52dce406c1480c7a8,https://blockchain.watch/alerts
4080929,BTC,Bitcoin,bc1p0jj3rnmwzw9tpm48zdptesx5dhxzqkm7qs3yu9t4hpu84hdfjz9sudzv3s,1N7ew5hvcuV44AA9xWANsGgm9rfeYCBD6t,,2026-05-11T20:45:36.683848+00:00,d4469f9e83ab5fd57b4213e63a47e0af7643695cdbe0eeac47b885d202b68dd5,https://blockchain.watch/alerts
19425836,BTC,Bitcoin,324H9uyTV9bPgAVgmdJNxPKKKZmowk5CYq,17aoxXuaHDtRprwUMMEM9P4jUtQjPrEWX,,2026-05-11T20:45:36.620212+00:00,43aebf6ceb3e561381b0b95a591ae7e9fe1816a3adebe5a9c155bddac1e89b45,https://blockchain.watch/alerts
8066374,BTC,Bitcoin,bc1q89zqat5x9cye7v2uwun2ds7980p25n02g7g90w,bc1qr9sa5dcerueqzewtja0pcge307emax7jxctcas,,2026-05-11T20:45:36.528543+00:00,7cd8a95b7320fe0e32839c9d76f01fb6a8dd144411c23b3085bc1064f5afcee7,https://blockchain.watch/alerts
15991131,BTC,Bitcoin,bc1qm34lsc65zpw79lxes69zkqmk6ee3ewf0j77s3h,15DomY3arDPw5jD658Mbf3AY3wT3YCDmW2,Binance,2026-05-11T20:45:21.611064+00:00,6916091084f7c61c49d203547593bf7f6bdd5b1774ce849c57aa29d7df6fa4d4,https://blockchain.watch/entities/binance
645925,BTC,Bitcoin,13W7Drp8EGeRqgcLFfRZLDTFTiP5DTFrsV,bc1qm34lsc65zpw79lxes69zkqmk6ee3ewf0j77s3h,Binance,2026-05-11T20:45:21.509477+00:00,d1aa25c308c8369359b1546ec0b639885d7927924011b678366a950651e6a6b5,https://blockchain.watch/entities/binance
8167094,BTC,Bitcoin,1No3qkNuUSzGje5LryhgVtiWA7FdNfEJkU,bc1qm34lsc65zpw79lxes69zkqmk6ee3ewf0j77s3h,Binance,2026-05-11T20:45:21.415364+00:00,5d52978665dea7f66d2ecfe24ee2a2f2022453e4af8e5e3ba0a6e3a79e7f87a4,https://blockchain.watch/entities/binance
27587463,BTC,Bitcoin,1KbDEg1tDz2ErYgaDbaDhhawnLrSQFaFx5,bc1qm34lsc65zpw79lxes69zkqmk6ee3ewf0j77s3h,Binance,2026-05-11T20:45:20.878065+00:00,d3a3f457782d69573da28544e8d264dd8c22953fa45fa045c0dd024af8afa63d,https://blockchain.watch/entities/binance
998246,BTC,Bitcoin,bc1qm34lsc65zpw79lxes69zkqmk6ee3ewf0j77s3h,bc1qspxscnjqauqwmlks9cjk6hh3ykl4e2u6tg6exk,Binance,2026-05-11T20:30:42.819816+00:00,712c26d4945bb70610b89510043ac6c5e4c6ca3cf707ae5d0f36e01ca5a1c46f,https://blockchain.watch/entities/binance
635714,BTC,Bitcoin,bc1qm34lsc65zpw79lxes69zkqmk6ee3ewf0j77s3h,38pPcA8T4Tdx9hm2gPecSofhYb8nDVuUE4,Binance,2026-05-11T20:30:42.134715+00:00,d3c91b76aa44cf0ed7ffea887bf9dc2bda20a057477f0da83c25b26bb5329ed0,https://blockchain.watch/entities/binance
809972,BTC,Bitcoin,bc1qm34lsc65zpw79lxes69zkqmk6ee3ewf0j77s3h,bc1qz26ewrns803xwadvlkyqejxehlu69p6j28hkmw,Binance,2026-05-11T20:15:29.246071+00:00,b7f2b30699789567185dbddefe381e428b3f6078a4eb144637c8942311e5926d,https://blockchain.watch/entities/binance
666890,BTC,Bitcoin,bc1qm34lsc65zpw79lxes69zkqmk6ee3ewf0j77s3h,34c554gG23Rmv5G3NiK5MjQrux7bxDH5gz,Binance,2026-05-11T20:15:29.146712+00:00,77f439e2634aa6a8ab3498491652ae1ec49a9cb1a9038269b9a66b090818dc46,https://blockchain.watch/entities/binance
2004274,BTC,Bitcoin,bc1qm34lsc65zpw79lxes69zkqmk6ee3ewf0j77s3h,1KdCveSZfa6AKqNwod25fWXGhLDs3aLyDD,Binance,2026-05-11T20:15:29.052031+00:00,dfe226d464e7c8e74163b41a0874e23bb1d46b18595ad609430d31dafcdd9f52,https://blockchain.watch/entities/binance
1555732,BTC,Bitcoin,bc1qm34lsc65zpw79lxes69zkqmk6ee3ewf0j77s3h,bc1p5qq07c3mm36rg77jt9msed30lyuxl9yng9jeagt8x4mfzvugtn0q08e8y7,Binance,2026-05-11T20:15:28.937996+00:00,dbe32c3dc47da05e95d2de06f59acd83321cfd448da4a3922d74bb4824fc6d09,https://blockchain.watch/entities/binance
539109,BTC,Bitcoin,bc1qm34lsc65zpw79lxes69zkqmk6ee3ewf0j77s3h,bc1q6w9k380z6k8k9c5425ks4g76rs94w6fj0283zx,Binance,2026-05-11T20:15:28.395419+00:00,184f569798a0fd6e752a41a4cea485b81a4c715f6d7e2223fe64f997caebe5c2,https://blockchain.watch/entities/binance
584787,ETH,Ethereum,0x16f6d15381bee4a25b25f0d1c4161b78f7f21fde,0x66be97a14ca1b8ee1a71c17053b79954e36883da,,2026-05-11T20:00:38.751501+00:00,0x4436b615f637a8c8269961c84c7b007000766c024a87c64c298c3aeff1f8271e,https://blockchain.watch/alerts
14853487,BTC,Bitcoin,bc1p2ws3jd3krrplhs2r8z7pfv8dyydy2mh0y0ejqj4eesqv4cx4c6xq6x5yjg,bc1qt9th5526gsuvgy9u76ypdlk7agq3f5vuvu4xxy,,2026-05-11T20:00:37.844723+00:00,c193f8135a95c218e05792c081fb1a7ca7a0704b0984c89c75680bc82a0962a9,https://blockchain.watch/alerts
534461,BTC,Bitcoin,bc1qm34lsc65zpw79lxes69zkqmk6ee3ewf0j77s3h,3K2FaTWczEVRMx5mn8FMibUcAoeGSBvMzi,Binance,2026-05-11T20:00:22.669445+00:00,fa455dcf4ebe0584193b7b7c5407de1ac42aae7c84cc0cf3ff34d65bdcebee9c,https://blockchain.watch/entities/binance
16120896,BTC,Bitcoin,bc1qm34lsc65zpw79lxes69zkqmk6ee3ewf0j77s3h,15DomY3arDPw5jD658Mbf3AY3wT3YCDmW2,Binance,2026-05-11T20:00:22.563869+00:00,80d309ba2cdf1b96d9ecb3295c7340b933885c4b5f143f46a843f79938910375,https://blockchain.watch/entities/binance
717897,BTC,Bitcoin,bc1qm34lsc65zpw79lxes69zkqmk6ee3ewf0j77s3h,bc1qac7qmk4pzyfcavdpxhsv2zk94f5n3vc2gc9r5s,Binance,2026-05-11T20:00:22.418594+00:00,518de24a37b37076fd0ba6d18efdeb6aee7a0e68034e98b55f060a284a643ada,https://blockchain.watch/entities/binance
617205,BTC,Bitcoin,bc1qxjtyf30u9cvjk2csd3gh3j5gtqgg74hr9ne5ck,bc1q7he7uhpaeu4pgyl6q8n3h8mvx5ssnftzt0g52y,,2026-05-11T19:45:39.605815+00:00,f29d26acbf068b6a4dec236096a4014ab13f8400d62faa712c5eae2a1528cdb7,https://blockchain.watch/alerts
4914540,BTC,Bitcoin,3P6RHjGa6N6CV193r8kpFiSzy6xUvT6CX9,bc1qr4dl5wa7kl8yu792dceg9z5knl2gkn220lk7a9,Kraken,2026-05-11T19:45:32.563177+00:00,36e43ca6ed51468a4ff45e4206e2c40b9f7025bfc5d86b147ce45e203d217503,https://blockchain.watch/entities/kraken
1143795,BTC,Bitcoin,bc1qm34lsc65zpw79lxes69zkqmk6ee3ewf0j77s3h,18QDBj9MZycGMmDv8EvK9t3WhRcJuAmqr9,Binance,2026-05-11T19:45:22.031578+00:00,f3f333916885f02022fcafb16254e5980dba7cdeaf2cb7ddde1a556a2f2f6272,https://blockchain.watch/entities/binance
1494504,BTC,Bitcoin,bc1qm34lsc65zpw79lxes69zkqmk6ee3ewf0j77s3h,1JJ5NPcrKfQfeGH94QYKXQv4Tbo6uYURYg,Binance,2026-05-11T19:45:21.444242+00:00,b55c46be60a933d1efb0ce5af4616982bce4f33d52a51a73284d4cb5cb6d4918,https://blockchain.watch/entities/binance
1169085,ETH,Ethereum,0x844ea5be4bb77ef7f3dca1a38a6f5b18873d697d,0x28c6c06298d514db089934071355e5743bf21d60,Binance,2026-05-11T19:30:37.323362+00:00,0xf6f512c0cf9a9385a67e77e1a825b5fd9a4b68168247e38d02ac70c3c7d6f91a,https://blockchain.watch/entities/binance
4884732,BTC,Bitcoin,bc1qm34lsc65zpw79lxes69zkqmk6ee3ewf0j77s3h,bc1qz66z8esppfgkvnu59f8pyx0gntfrmdptq2a7ygx298zec7aqahdql8weh7,Binance,2026-05-11T19:30:21.850497+00:00,3d8e67f92d89aa428be438d7ee8adaa69b0f95f79f8b6b0dcf5c0a7f184f8936,https://blockchain.watch/entities/binance
3392680,BTC,Bitcoin,bc1qm34lsc65zpw79lxes69zkqmk6ee3ewf0j77s3h,bc1qesrvsn8g7ln6rmtru5kmuve4cma37r9gsrd78w,Binance,2026-05-11T19:30:21.736582+00:00,9897e3a882968a7b9dbeb0fb7abb05a3075100cddac48d91827ef443e7577d63,https://blockchain.watch/entities/binance
3557271,BTC,Bitcoin,bc1qm34lsc65zpw79lxes69zkqmk6ee3ewf0j77s3h,3B4R6A8uyofL373QSbNJzFt9z15vghrQwv,Binance,2026-05-11T19:30:21.638103+00:00,9adc56f527c2205d60bb0c3bc1f65721ac1a67b57d4d94af970c8bbff55029ec,https://blockchain.watch/entities/binance
24821957,BTC,Bitcoin,bc1qm34lsc65zpw79lxes69zkqmk6ee3ewf0j77s3h,,Binance,2026-05-11T19:30:21.499366+00:00,c6bf42b5aabc1a3c186fa0cf2e1500afb74a27f663cebdd9aaccad05a56101f0,https://blockchain.watch/entities/binance
853884,BTC,Bitcoin,bc1qm34lsc65zpw79lxes69zkqmk6ee3ewf0j77s3h,bc1qesrvsn8g7ln6rmtru5kmuve4cma37r9gsrd78w,Binance,2026-05-11T19:30:21.314659+00:00,3ea0200b19a9c3cc7d582ac32fee64d8cb466b31b9e5c32727c3680e0a7afb90,https://blockchain.watch/entities/binance
526043,ETH,Ethereum,0x42655fc8443fb69e9ccdb94e89c1ee9317508a6d,0x28c6c06298d514db089934071355e5743bf21d60,Binance,2026-05-11T19:15:42.480192+00:00,0x0b00451401cb52ed2625235944c5fec2fc0eccf63faac7eccfd353457e71fef2,https://blockchain.watch/entities/binance
590464,BTC,Bitcoin,bc1qvtjnmfmlqzrgc7jv0r2r5nh3h7rpzaauh7c2w7,bc1qtmxqzmntps6temxkqwnn0squmrge0j5ya876sd,,2026-05-11T19:15:41.587886+00:00,4a0237bab1b4d6694038a638a766b07d40716e493485eac306fea3c5212b8d1f,https://blockchain.watch/alerts
21730445,BTC,Bitcoin,324H9uyTV9bPgAVgmdJNxPKKKZmowk5CYq,16Uz37Q6TfvK2UFTgamn3dyRjnP2Wtf4p2,,2026-05-11T19:15:41.501576+00:00,14b07d44e21cd7fd928cacafcf8316d934bf237801c6f57401d0ff5116680a81,https://blockchain.watch/alerts
2314544,BTC,Bitcoin,bc1qq6q05wmkl8355dm76recphc2jhevd8k67cu8y0,,,2026-05-11T19:15:41.068796+00:00,8a48f60490f362420ce7d9a55506003564de0dff353a059f61f96f0411b9d9ec,https://blockchain.watch/alerts
7739517,BTC,Bitcoin,324H9uyTV9bPgAVgmdJNxPKKKZmowk5CYq,1KbDEg1tDz2ErYgaDbaDhhawnLrSQFaFx5,,2026-05-11T19:15:40.960615+00:00,ff8acd4daeabf51e287bc9593d8e7aa08e61dcf448b8eeff716850615faabce5,https://blockchain.watch/alerts
21898754,BTC,Bitcoin,bc1qr4dl5wa7kl8yu792dceg9z5knl2gkn220lk7a9,bc1q7cyrfmck2ffu2ud3rn5l5a8yv6f0chkp0zpemf,Kraken,2026-05-11T19:15:33.539919+00:00,10e349432a79cf4896ecdf39778298d01215222847a79e2f48f1522091d9f4fe,https://blockchain.watch/entities/kraken
539450,BTC,Bitcoin,32hK628jM4j1xLRQzJuvLsBhmBxKeVSdgN,bc1qr4dl5wa7kl8yu792dceg9z5knl2gkn220lk7a9,Kraken,2026-05-11T19:15:33.418097+00:00,8c2e2fb643f0971950cae96addef0d09a7afb2dc5b0cae032157a0a489a87a3b,https://blockchain.watch/entities/kraken
19658160,BTC,Bitcoin,bc1qr4dl5wa7kl8yu792dceg9z5knl2gkn220lk7a9,bc1q7cyrfmck2ffu2ud3rn5l5a8yv6f0chkp0zpemf,Kraken,2026-05-11T19:15:32.610037+00:00,45e89117cff5fda9636cdd0af356996e39607f1ae0141f275d225d1a83aeb07d,https://blockchain.watch/entities/kraken
605360,BTC,Bitcoin,bc1qm34lsc65zpw79lxes69zkqmk6ee3ewf0j77s3h,3K2FaTWczEVRMx5mn8FMibUcAoeGSBvMzi,Binance,2026-05-11T19:15:23.27143+00:00,f94e552bae937ffa04359534fda3b078bc07490ff9f94a966a17d77b2d588bf4,https://blockchain.watch/entities/binance
1977610,BTC,Bitcoin,bc1qm34lsc65zpw79lxes69zkqmk6ee3ewf0j77s3h,bc1qesrvsn8g7ln6rmtru5kmuve4cma37r9gsrd78w,Binance,2026-05-11T19:00:51.793002+00:00,8bb85772abdab2391f096b4ef7d2c084e46e48dafe43ffad20ccca3f3fc1be10,https://blockchain.watch/entities/binance
845614,BTC,Bitcoin,bc1qm34lsc65zpw79lxes69zkqmk6ee3ewf0j77s3h,1JG957AaXBeA87FkQ5Yet8SvhKCXGqavzx,Binance,2026-05-11T19:00:51.589046+00:00,c80b308c3b8d480e0933c8d7d7b7aef79b2f1b7e801df5413b6b00eefa5f5739,https://blockchain.watch/entities/binance
3492050,BTC,Bitcoin,3LHZNTmeQqzKqqGLXUDxq7uGUX59qDvoEU,bc1qr4dl5wa7kl8yu792dceg9z5knl2gkn220lk7a9,Kraken,2026-05-11T18:45:30.440506+00:00,4d1bd6721c5749b3d759152e8975ccae6a7ca15b20c666803ba5f6e72cb9f2ff,https://blockchain.watch/entities/kraken
7137584,BTC,Bitcoin,1PeVQnGw7JKhzqBxDE8vKJSFLpjqsBZKeX,bc1qm34lsc65zpw79lxes69zkqmk6ee3ewf0j77s3h,Binance,2026-05-11T18:45:22.233221+00:00,0773b6dace3edfe2c740f2dba6ab87f263a984bf712443e829ee54b010d0ad7a,https://blockchain.watch/entities/binance
6967700,BTC,Bitcoin,1LtmqgfP9Jt9oJrymA4YABf2XfMf5vaZjz,bc1qm34lsc65zpw79lxes69zkqmk6ee3ewf0j77s3h,Binance,2026-05-11T18:45:22.10854+00:00,f45a8d0214e27404fa87fac41f33ea3cd7bd8780bd603f930a5e7d7391e614fa,https://blockchain.watch/entities/binance
24805012,BTC,Bitcoin,1KbDEg1tDz2ErYgaDbaDhhawnLrSQFaFx5,bc1qm34lsc65zpw79lxes69zkqmk6ee3ewf0j77s3h,Binance,2026-05-11T18:45:22.009079+00:00,c5dc42da245dcaf364fc2757222267f6081c5c1c5fd65d2d8de94dc796031118,https://blockchain.watch/entities/binance
3055617,BTC,Bitcoin,bc1qm34lsc65zpw79lxes69zkqmk6ee3ewf0j77s3h,3EDiYUZpcEjBvaD7yiZfjx68hhXH6bYyZy,Binance,2026-05-11T18:45:21.911789+00:00,c6b1312a9bfbee2cefced154c1b40f37dc8b8939d46c7df6c55fbfe632b9c935,https://blockchain.watch/entities/binance
539109,BTC,Bitcoin,bc1qm34lsc65zpw79lxes69zkqmk6ee3ewf0j77s3h,bc1qerjkk2jn8fr97y2960yeyhpjksuewemmzqa0vh,Binance,2026-05-11T18:45:21.401274+00:00,ce0dd155b06cab6bb282fae770f07ca8b08f6af80b80af331d80a58408345081,https://blockchain.watch/entities/binance
535502,ETH,Ethereum,0x5410d09be697e57cd7c4ffa83759abed3219e020,0xba3cb449bd2b4adddbc894d8697f5170800eadec,,2026-05-11T18:30:47.363813+00:00,0x43fb110013dcb5d589523b15c06322175c4be38239d984ca5aa43d4aa01f3b28,https://blockchain.watch/alerts
506407,BTC,Bitcoin,bc1q7t4vyehjsexdme84qhdgd4dawcn54djh0m78fz,bc1q0v8wyl6gje7cgj50avjveussnedhpw2nlmkzpd,,2026-05-11T18:30:46.404868+00:00,bbb15e74d0c41e89be0e29dd0bb5434d3309c54995574ce3c93d27b885ae007e,https://blockchain.watch/alerts
1902549,BTC,Bitcoin,bc1q42kvqt0e3f27qhd2ucnprarl5ywpuj7tu0h9v2,bc1qzdk9t7c7r6wsxnyygm8uqxye0fct0kw3ufnryp,,2026-05-11T18:30:46.161469+00:00,b2ac39317a9f1f2680eafaf1baffd7c0bc571a273a77d3365eb3aee868062af0,https://blockchain.watch/alerts
4048593,BTC,Bitcoin,3JZ3byZy7TTrfy8zdxrm9iqJrdsaZ5CrNw,bc1qr4dl5wa7kl8yu792dceg9z5knl2gkn220lk7a9,Kraken,2026-05-11T18:30:38.437576+00:00,df52bf0b84a4e4243e033182d1af2a31ac82b73a522e69c7c4cf139ea9cdc3c2,https://blockchain.watch/entities/kraken
1049747,BTC,Bitcoin,bc1qm34lsc65zpw79lxes69zkqmk6ee3ewf0j77s3h,bc1q89yd9pdk2n73kgkktj6hu32f5v0luxw4m2p7z8,Binance,2026-05-11T18:30:29.654983+00:00,0e30500531b918aa5a76faf1f233b44129d6042d99d2de1311bde6750f4a594b,https://blockchain.watch/entities/binance
6368195,BTC,Bitcoin,bc1qm34lsc65zpw79lxes69zkqmk6ee3ewf0j77s3h,3LHZNTmeQqzKqqGLXUDxq7uGUX59qDvoEU,Binance,2026-05-11T18:30:29.469371+00:00,a3974c3a8d2337fe7791181ddd278cc10fe9bdfe4bd11329f7e13071be4a0e79,https://blockchain.watch/entities/binance
1410938,BTC,Bitcoin,bc1qm34lsc65zpw79lxes69zkqmk6ee3ewf0j77s3h,32DyjDp7n8o8vrb7pKWp2TGtShKRzwJY6y,Binance,2026-05-11T18:30:28.591089+00:00,56b937a5b1a1e061184b66dee3cab3746f79a8c6804bf77b3d20bbea2c718073,https://blockchain.watch/entities/binance
999581,ETH,Ethereum,0x1c68c3de2b02d9ae478d37c7e6c92a53ff01fc66,0x8e9494b8b9a8fb885e7f5dcefbebf552054ccdd8,,2026-05-11T18:15:39.392751+00:00,0xeb512ddd5137d3be2137264dfcc65b69fa12c9e036c51c2779f179f7c3a25c86,https://blockchain.watch/alerts
1265046,ETH,Ethereum,0x1c68c3de2b02d9ae478d37c7e6c92a53ff01fc66,0x8e9494b8b9a8fb885e7f5dcefbebf552054ccdd8,,2026-05-11T18:15:38.95751+00:00,0x76f2a323883a5cb839b433e2a4a21e681c574e079d31f3ead6060db48afeee53,https://blockchain.watch/alerts
4849563,BTC,Bitcoin,bc1qynygs8d3ju9cpum9pepmh94qk57tf67paka78g,bc1qxgs32650ayla4sah9jam2ffnkla9ud0l82h8ey,,2026-05-11T18:15:38.372772+00:00,9f5f2259b02be647ee9e289c2b977a52be38453764c9df46bc7141e2bd65b7f1,https://blockchain.watch/alerts
821111,BTC,Bitcoin,bc1qzjeg3h996kw24zrg69nge97fw8jc4v7v7yznftzk06j3429t52vse9tkp9,bc1qwqdg6squsna38e46795at95yu9atm8azzmyvckulcc7kytlcckxswvvzej,,2026-05-11T18:15:37.915082+00:00,a31537b2b940c295da94ffe952e79af295e7b52910b1d947ca57d46d9f3562e1,https://blockchain.watch/alerts
821071,BTC,Bitcoin,bc1qwqdg6squsna38e46795at95yu9atm8azzmyvckulcc7kytlcckxswvvzej,bc1qpeg44hxkf2qv5a38xxvl7zqhr5uq385t3exzsh,,2026-05-11T18:15:37.713661+00:00,58c2c38291a045321be776fd675a187f606bd99ddff026980cb698637acf8242,https://blockchain.watch/alerts
923058,BTC,Bitcoin,bc1qm34lsc65zpw79lxes69zkqmk6ee3ewf0j77s3h,bc1qw7us6wx0h2cqq6jts3kyrvn57ef8zrrmply7sd,Binance,2026-05-11T18:15:21.701977+00:00,55b849939fce6762f2b22852fddbf748f21a202e6c6f63d0bf3ebc2de788ecfc,https://blockchain.watch/entities/binance
6078775,BTC,Bitcoin,bc1qm34lsc65zpw79lxes69zkqmk6ee3ewf0j77s3h,3EDiYUZpcEjBvaD7yiZfjx68hhXH6bYyZy,Binance,2026-05-11T18:15:21.572923+00:00,87df6dcdfefe339f1363c92cb1e21ca4ee6479f82f03b19236b8121dd67dfafc,https://blockchain.watch/entities/binance
2400620,BTC,Bitcoin,bc1qgcgc5f0f5fth60ycqh6ufdehdds39cc3rajs5j,bc1qm34lsc65zpw79lxes69zkqmk6ee3ewf0j77s3h,Binance,2026-05-11T18:15:20.980865+00:00,02fe178667d079ae6352360929bc750f783588be587915c54db97d30426fa97b,https://blockchain.watch/entities/binance
16340879,BTC,Bitcoin,bc1qm34lsc65zpw79lxes69zkqmk6ee3ewf0j77s3h,335umQ4egqMjDo6wSXYwQZYPntZzMveNTJ,Binance,2026-05-11T18:00:43.786369+00:00,603beee351775e6544aa169de44a78b8f3bc2fb4980c68c90427233a85b4c5cc,https://blockchain.watch/entities/binance
3860874,BTC,Bitcoin,bc1qm34lsc65zpw79lxes69zkqmk6ee3ewf0j77s3h,3EDiYUZpcEjBvaD7yiZfjx68hhXH6bYyZy,Binance,2026-05-11T18:00:43.697286+00:00,3b8287f34d6e75f3524d526ac25d260ee8ef9cb70bbf36780040f48c26e4eaeb,https://blockchain.watch/entities/binance
590790,BTC,Bitcoin,bc1qm34lsc65zpw79lxes69zkqmk6ee3ewf0j77s3h,bc1qsuq5erztvd5jjm2t8lgntq9qt5z0yhwnt3r9wdhhun4fh67tlnkq45ze50,Binance,2026-05-11T18:00:43.583487+00:00,edb83a7826094b249ecd2569db2161900795d2a8a3e59486c4e9ac478a7d5b98,https://blockchain.watch/entities/binance
3066455,BTC,Bitcoin,bc1qm34lsc65zpw79lxes69zkqmk6ee3ewf0j77s3h,bc1qhkr5gwwm5k0dk6sg2cqwj289l4jdh300c3fk0l,Binance,2026-05-11T18:00:43.442101+00:00,85769c49574205149d03f3f92aff4ba498be63fc09d1be25086203deb78f6c81,https://blockchain.watch/entities/binance
827973,BTC,Bitcoin,bc1qm34lsc65zpw79lxes69zkqmk6ee3ewf0j77s3h,bc1qhytcwd5rm0luxtzev6ecdmdrfqflqqu69vengs,Binance,2026-05-11T18:00:43.317006+00:00,58a28b42cbfff1e10d9c452b51fd9b830652514eccd88518f29adea3c93315e7,https://blockchain.watch/entities/binance
652723,BTC,Bitcoin,bc1qm34lsc65zpw79lxes69zkqmk6ee3ewf0j77s3h,bc1qgjm7vnv037429qvy5ad9ynxyw3skkckj66wc2x,Binance,2026-05-11T18:00:43.119731+00:00,2bbd651c1176ce317416048e9e8108224e8a7bae52dcec22fca8663c41f45cda,https://blockchain.watch/entities/binance
24551991,BTC,Bitcoin,324H9uyTV9bPgAVgmdJNxPKKKZmowk5CYq,1KbDEg1tDz2ErYgaDbaDhhawnLrSQFaFx5,,2026-05-11T17:45:42.681556+00:00,9d9a42028c0607aa303d5052c8415c6fdef80bc9555823f97ad88e41e6693ad6,https://blockchain.watch/alerts
3625921,BTC,Bitcoin,15DomY3arDPw5jD658Mbf3AY3wT3YCDmW2,bc1q9exg34dkmgxu28yektgn929jpjpzukhhl2r3zr,,2026-05-11T17:45:42.310228+00:00,45d94a44951cb5edce20ff12005d75b06c060c9c3b570cfce504a9363fc9093d,https://blockchain.watch/alerts
4055519,BTC,Bitcoin,bc1qm34lsc65zpw79lxes69zkqmk6ee3ewf0j77s3h,bc1qec8a96rket0cqpx43a5j7dsy6x4v4alu32v3g2,Binance,2026-05-11T17:45:24.950345+00:00,41f89280eba8865d94ec7c5d9288d918f9769a021d120944b9c851857b4e3709,https://blockchain.watch/entities/binance
3652954,BTC,Bitcoin,bc1qm34lsc65zpw79lxes69zkqmk6ee3ewf0j77s3h,bc1qzc8y8cdja8p6xvtv7qqgcjhzyhhtrwk0r9syfr,Binance,2026-05-11T17:45:24.811003+00:00,25ad5931d0f18cf53b41b324e0c8da220735f05c8425096ab93e2c09f6d34da0,https://blockchain.watch/entities/binance
7096658,BTC,Bitcoin,bc1qm34lsc65zpw79lxes69zkqmk6ee3ewf0j77s3h,bc1q5qn8zcl7xl6g2c4jlsd96ehyl69ggvvqlwfvn8p0uln8y2d5dd6qy0u9hf,Binance,2026-05-11T17:45:24.600723+00:00,f9256c3f5d5f42926157b3ab78043930232f556b31b93bef80dea332fee81208,https://blockchain.watch/entities/binance
7696259,BTC,Bitcoin,bc1qm34lsc65zpw79lxes69zkqmk6ee3ewf0j77s3h,bc1qsjf4wjq5jenflkk4n5j7hk489wc5u3mmjnnggfn4t34fgnk57g2quht5n7,Binance,2026-05-11T17:45:24.37078+00:00,bfe5bed8f5b7be99deaf71d2240872341109f803fd29cdcaed68c6464440fcfc,https://blockchain.watch/entities/binance
16356393,BTC,Bitcoin,bc1qm34lsc65zpw79lxes69zkqmk6ee3ewf0j77s3h,15DomY3arDPw5jD658Mbf3AY3wT3YCDmW2,Binance,2026-05-11T17:45:23.660826+00:00,9d18c17b47e321914dffeb74399e6e6541b3eed672250f30de24dbbe06c8e29c,https://blockchain.watch/entities/binance
686513,BTC,Bitcoin,bc1qluksdk7sjxun2zr03w2na56jm05clc7jdc9q8z,bc1q8qgj50nm9gzwhzz95alkpajkvamwzvd5uus0mr,,2026-05-11T17:30:51.06003+00:00,e77091d7887dafdeaa99d2c062ce8ca8f5abf7efa854fb712798d13d7560346c,https://blockchain.watch/alerts
4044942,BTC,Bitcoin,3LHZNTmeQqzKqqGLXUDxq7uGUX59qDvoEU,bc1qr4dl5wa7kl8yu792dceg9z5knl2gkn220lk7a9,Kraken,2026-05-11T17:30:43.909442+00:00,f714574d2dec01ebb7e7c83f0b9db5a7475077e1619e79170bb800cd3d95ad33,https://blockchain.watch/entities/kraken
3523086,BTC,Bitcoin,bc1qm34lsc65zpw79lxes69zkqmk6ee3ewf0j77s3h,18QDBj9MZycGMmDv8EvK9t3WhRcJuAmqr9,Binance,2026-05-11T17:30:36.354522+00:00,050622edbfab45f9052b64ceb1ceaca7ee62a731cf08cb688a2a89825fb7c50d,https://blockchain.watch/entities/binance
2435095,BTC,Bitcoin,bc1qm34lsc65zpw79lxes69zkqmk6ee3ewf0j77s3h,38pPcA8T4Tdx9hm2gPecSofhYb8nDVuUE4,Binance,2026-05-11T17:30:36.27908+00:00,1cba064f68e1d0b41e97d59bf0247653aa813c66bfcd886cebbd47175cc98a90,https://blockchain.watch/entities/binance
25830115,BTC,Bitcoin,bc1qm34lsc65zpw79lxes69zkqmk6ee3ewf0j77s3h,,Binance,2026-05-11T17:30:36.201949+00:00,a41e180ae6a54ccad924fb32f478327341eb22627db33aafba7738809479aba3,https://blockchain.watch/entities/binance
2917331,BTC,Bitcoin,bc1qm34lsc65zpw79lxes69zkqmk6ee3ewf0j77s3h,38yDPoqFoxBPQKMkh8Ndx3YSggrR4tmZxd,Binance,2026-05-11T17:30:36.106328+00:00,adfe1443e6a11654b3b64adb0c0d70293cac43948b5311e575e2936b2d8509c4,https://blockchain.watch/entities/binance
1836430,BTC,Bitcoin,bc1qm34lsc65zpw79lxes69zkqmk6ee3ewf0j77s3h,bc1qmp3ekh86v546a03k8cfkc65gelepnfy45h40fc,Binance,2026-05-11T17:30:36.002851+00:00,a6dbc2270227c4c6020167293d84b27c7d0205c48a91ea8340209eaebb66e8e6,https://blockchain.watch/entities/binance
3905735,BTC,Bitcoin,bc1qm34lsc65zpw79lxes69zkqmk6ee3ewf0j77s3h,bc1q4sjxrdm8p82h4n4kakn8af3ejgxgq742dkrt8g,Binance,2026-05-11T17:30:35.514146+00:00,c98f467a79ddd7699fc551a53e53ee6d5b5a15a8b30a9f57d331f0a5e682ce2c,https://blockchain.watch/entities/binance
1038415,BTC,Bitcoin,bc1qamgjuxaywqls56h7rg7afga3m6rgqwfkew688k,bc1qxmvedu3wndcp7nlg5qru4u3rccz6kyuqkfzj4j,,2026-05-11T17:15:39.156633+00:00,f78a96c8632aef4266dd38b55df1b84dc00275e368c1df98b011d6e0a99d479c,https://blockchain.watch/alerts
976782,BTC,Bitcoin,bc1qhaxnxazx0krqxhvms9c8x9zj2qrmpetnty9dtg,bc1q37zyl7u78yh6xy65f96zmdxt6tuy0gjgpe9lkh,,2026-05-11T17:15:38.746981+00:00,7bb4f8e7a9f84919f87f47673a3a3d455d3d6daf206b5f62f9d614230a1de0ef,https://blockchain.watch/alerts
10994421,BTC,Bitcoin,324H9uyTV9bPgAVgmdJNxPKKKZmowk5CYq,32hK628jM4j1xLRQzJuvLsBhmBxKeVSdgN,,2026-05-11T17:15:38.685132+00:00,38823f19678e538b22dd0f88abccceebd190f57c865c59fd82f39ddd27b63567,https://blockchain.watch/alerts
766361,BTC,Bitcoin,bc1qf0d86fpaucxm55ulsmd99klgt9kxg9r8e9dt95,bc1qluksdk7sjxun2zr03w2na56jm05clc7jdc9q8z,,2026-05-11T17:15:38.590364+00:00,1f5d8c0ec976787d72c0d9acc0abd3b0dd2976e734b36d87d04bfd780e2919f5,https://blockchain.watch/alerts
652806,BTC,Bitcoin,32hK628jM4j1xLRQzJuvLsBhmBxKeVSdgN,bc1qr4dl5wa7kl8yu792dceg9z5knl2gkn220lk7a9,Kraken,2026-05-11T17:15:31.632863+00:00,30c6bd91650b40ed76ea89b481a839da582da7f9b37f76662c7de179953848d2,https://blockchain.watch/entities/kraken
3990815,BTC,Bitcoin,bc1qm34lsc65zpw79lxes69zkqmk6ee3ewf0j77s3h,bc1q6p49tyfmccurxlpz6u4vqx60csqs8y8xtvus72,Binance,2026-05-11T17:15:23.946139+00:00,ae4b159f66d44c6a04e72392d53287466818da3da9f3ed3dba43c943f68b9055,https://blockchain.watch/entities/binance
3990070,BTC,Bitcoin,bc1qm34lsc65zpw79lxes69zkqmk6ee3ewf0j77s3h,bc1q5geh9y5hvfwt9nv5m0rascz3jwh4zkaan5emkr,Binance,2026-05-11T17:15:23.778911+00:00,020541f7e9bc161ad59ee2a8d0a03eefed3f97ab63c0e7f4c8006662979653fe,https://blockchain.watch/entities/binance
4016462,BTC,Bitcoin,bc1qm34lsc65zpw79lxes69zkqmk6ee3ewf0j77s3h,bc1qefqkq2n4zaxc5sqe0mhe5kvyehpyn5lsu5aq2e,Binance,2026-05-11T17:15:23.61141+00:00,b9de824f1d256afe0d087bcde48b646c7347adcd4ed05fcd42c0734b0c6ed561,https://blockchain.watch/entities/binance
4064370,BTC,Bitcoin,bc1qm34lsc65zpw79lxes69zkqmk6ee3ewf0j77s3h,bc1q5rpfuntqr9nxglk66k57z8e8leqfsu6g5cup42,Binance,2026-05-11T17:15:23.486059+00:00,801a4e6550208847ee369056939ce44b246fa7fe1c46d9736bdb825ae45b5707,https://blockchain.watch/entities/binance
4052183,BTC,Bitcoin,bc1qm34lsc65zpw79lxes69zkqmk6ee3ewf0j77s3h,bc1ql9cdhdza20kakw0ed39432zajxqlu7errleskq,Binance,2026-05-11T17:15:23.354403+00:00,1fffedf992ef480568c69e02c108d3c2c3ba40a938dd40a029a8be31feabc420,https://blockchain.watch/entities/binance
3948743,BTC,Bitcoin,bc1qm34lsc65zpw79lxes69zkqmk6ee3ewf0j77s3h,3LHZNTmeQqzKqqGLXUDxq7uGUX59qDvoEU,Binance,2026-05-11T17:15:23.209091+00:00,5dd4d78b8cf843106312d32ca77c2d58f4e404ba5c8028503a4eacb785e8802b,https://blockchain.watch/entities/binance
4032557,BTC,Bitcoin,bc1qm34lsc65zpw79lxes69zkqmk6ee3ewf0j77s3h,bc1qt39xn5yu4y947c8hfps3t5nzzmp4nlagn6ttaxl98dkhl6zgm07suf7sx8,Binance,2026-05-11T17:15:22.747979+00:00,bd9afd96df86a04bf960e18761555bd6d57fe17e0f818bc3fa1be139ba2b96bf,https://blockchain.watch/entities/binance
1718566,ETH,Ethereum,0x240543929693333da0946cbf2597c099e4daa7cf,0xa9d1e08c7793af67e9d92fe308d5697fb81d3e43,Coinbase,2026-05-11T17:15:09.995122+00:00,0x1455de486bd732d86a5190348841d9cbc9d000acbdf4fd54e376da7010c5e245,https://blockchain.watch/entities/coinbase
1673540,BTC,Bitcoin,3JZ3byZy7TTrfy8zdxrm9iqJrdsaZ5CrNw,bc1qr4dl5wa7kl8yu792dceg9z5knl2gkn220lk7a9,Kraken,2026-05-11T17:00:35.52655+00:00,5065995039db3f1da27956dd1aaac247007e0859e3bffff0d21237cf20b9d8d2,https://blockchain.watch/entities/kraken
3814491,BTC,Bitcoin,bc1qm34lsc65zpw79lxes69zkqmk6ee3ewf0j77s3h,bc1qmyfpwhq2le9v8gnau2ustzgrjr5vgfdef4rzet,Binance,2026-05-11T17:00:28.054839+00:00,1040f5d43e8fd1e02074c4599117267223ff6f0668808b28e96f2508e4c8c7a4,https://blockchain.watch/entities/binance
1460931,BTC,Bitcoin,bc1qm34lsc65zpw79lxes69zkqmk6ee3ewf0j77s3h,3KWoLfRQGJLaWZcrSCDCX8eSuUnjcokCzM,Binance,2026-05-11T17:00:27.88412+00:00,361f95bd31eb1e86e9274e576a0b59a666489774819c86b87d9646c11aa1cc61,https://blockchain.watch/entities/binance
3981815,BTC,Bitcoin,bc1qm34lsc65zpw79lxes69zkqmk6ee3ewf0j77s3h,3BGYoBi4LbdMC6FVMNZ4vxN9jVPEUUWJjM,Binance,2026-05-11T17:00:27.769026+00:00,e3edfd52114d039d8a58eef4b6f68e9f8dff36a1653066973ea37a3b038c2ca6,https://blockchain.watch/entities/binance
1352928,ETH,Ethereum,0x82ec0a9ee5201032c3b2608535d16d682c6261ca,0xa9d1e08c7793af67e9d92fe308d5697fb81d3e43,Coinbase,2026-05-11T17:00:12.103619+00:00,0x305de47b0be45486d9bbaceeab5473d9994657209b5cf7d5cd480a6935a02e7f,https://blockchain.watch/entities/coinbase
2759192,BTC,Bitcoin,33sB7g4z7bp7KZywS3AgVxgqVuNrKiozuB,1GsfwXGfMwAvXJoJHXHY8pHaLs1VpEM9L8,,2026-05-11T16:45:39.417146+00:00,958bb7a0430970a14cb1becd0138a59dda529271383e0d5c9fe518746ec7adde,https://blockchain.watch/alerts
525186,BTC,Bitcoin,13AewcKFijRAxEHnHYiPTCqjZ4nt74ooff,bc1qm34lsc65zpw79lxes69zkqmk6ee3ewf0j77s3h,Binance,2026-05-11T16:45:24.866779+00:00,780dcd6d2deb70989cce2d06b831a799f39f1ed5261599dcb2f537e1ad4ef721,https://blockchain.watch/entities/binance
7971340,BTC,Bitcoin,1L587K1CBo9xZwfKb12nTYVaeiuCM7vRxn,bc1qm34lsc65zpw79lxes69zkqmk6ee3ewf0j77s3h,Binance,2026-05-11T16:45:24.701442+00:00,6d7efbb3f7c6b3a314fca0a56f5477414ab5ace9c3c09c1838185590152d0bc9,https://blockchain.watch/entities/binance
6557969,BTC,Bitcoin,1QDFb5gS5pGvjds9N9dHY5Svdp4iKHxqew,bc1qm34lsc65zpw79lxes69zkqmk6ee3ewf0j77s3h,Binance,2026-05-11T16:45:24.525858+00:00,ea7316a0e079fe46cfcd2cf0e5d50a34d69b2b31b17ffc0e36b017e66559dc12,https://blockchain.watch/entities/binance
3976269,BTC,Bitcoin,bc1qm34lsc65zpw79lxes69zkqmk6ee3ewf0j77s3h,3K2FaTWczEVRMx5mn8FMibUcAoeGSBvMzi,Binance,2026-05-11T16:45:24.250459+00:00,405fea01ba8d7944e00c90f01bc885877e09154ce628f67cffc987b4b2e61ee2,https://blockchain.watch/entities/binance
3740739,BTC,Bitcoin,bc1qm34lsc65zpw79lxes69zkqmk6ee3ewf0j77s3h,bc1q46vx54h6dwlzytgahlytqkh004kpwwpxnftkdk,Binance,2026-05-11T16:45:23.555523+00:00,8fb8169f86c22a416e85b630c0743ce9745724f507db908da1588e126daf30df,https://blockchain.watch/entities/binance
2599505,BTC,Bitcoin,3JZ3byZy7TTrfy8zdxrm9iqJrdsaZ5CrNw,bc1qr4dl5wa7kl8yu792dceg9z5knl2gkn220lk7a9,Kraken,2026-05-11T16:30:30.022292+00:00,fe63055b852f01a13e0daf372b6a189919430fa32699313ac09bf0053ad5547e,https://blockchain.watch/entities/kraken
935039,BTC,Bitcoin,bc1qm34lsc65zpw79lxes69zkqmk6ee3ewf0j77s3h,17xUVcto5P9ji7JqXRyfn54JQN79pkLHdk,Binance,2026-05-11T16:30:21.560968+00:00,793823b3a737258ea204013db8781cf6d4c47f139f648c3e7a0267c6a96dc0bd,https://blockchain.watch/entities/binance
3958863,BTC,Bitcoin,bc1qm34lsc65zpw79lxes69zkqmk6ee3ewf0j77s3h,bc1qcajmz3xkvj5v0nyh6s0hxh5zryz82agyu6jds7,Binance,2026-05-11T16:30:21.47508+00:00,a2020d473e495fc97a2e0d6efe2b5ce7938e0a5bbfcd1467541ce501a8f654ce,https://blockchain.watch/entities/binance
3371976,BTC,Bitcoin,bc1qm34lsc65zpw79lxes69zkqmk6ee3ewf0j77s3h,3EDiYUZpcEjBvaD7yiZfjx68hhXH6bYyZy,Binance,2026-05-11T16:30:21.370167+00:00,f1f7e8a6f25248582aeef475aa23a6fc270ee5823ab836a38828aa9703c2a166,https://blockchain.watch/entities/binance
3194544,BTC,Bitcoin,bc1qm34lsc65zpw79lxes69zkqmk6ee3ewf0j77s3h,3BGYoBi4LbdMC6FVMNZ4vxN9jVPEUUWJjM,Binance,2026-05-11T16:30:20.772915+00:00,a5461a0a0c07c0ddbe2d78edbff3af55b5e0833b37548384f608a1464a3aca5f,https://blockchain.watch/entities/binance
1807636,BTC,Bitcoin,bc1qm34lsc65zpw79lxes69zkqmk6ee3ewf0j77s3h,1NsAGDHVPSLq3vUKPHXxQkKDR7sbocvM9B,Binance,2026-05-11T16:30:20.205552+00:00,e018e857575d7ee593c6fa35ff821f5745c264f5f6abd84840dbf07f7391c5ad,https://blockchain.watch/entities/binance
1201114,BTC,Bitcoin,bc1qm34lsc65zpw79lxes69zkqmk6ee3ewf0j77s3h,32BiAuYDvvLQx6Rtq3PKztaFEfnbCh5Q4C,Binance,2026-05-11T16:30:20.108185+00:00,05871c5802fc969f786536521990d6cd3a3a884acae5d72493f3dc580fc18d9e,https://blockchain.watch/entities/binance
1095635,BTC,Bitcoin,bc1qm34lsc65zpw79lxes69zkqmk6ee3ewf0j77s3h,bc1qdv03ezdw7fpjjffh5d4wgxegem2g6xcafsv249,Binance,2026-05-11T16:30:19.541639+00:00,2b0d3e321519cba0fbc8cac07d09ea54b148d0608e0eab725fd7817a77433602,https://blockchain.watch/entities/binance
24692216,BTC,Bitcoin,3HDEWrofgY4pMWNbqJYrB6pZRGVDmxHkWU,324H9uyTV9bPgAVgmdJNxPKKKZmowk5CYq,,2026-05-11T16:15:48.998855+00:00,a6e368cf7e04ad56d00032caf85edbebbb4a95d08c7babde9bf2436f4b5b967c,https://blockchain.watch/alerts
15776193,BTC,Bitcoin,324H9uyTV9bPgAVgmdJNxPKKKZmowk5CYq,15oD9PDK6u1C2cZ7dx7AfcAPNCT8mFmR51,,2026-05-11T16:15:48.92707+00:00,c62d71efdbcb7ccfc1f9d0e2c44b9cb1fed47a0911f6c15efde18529d8d4361b,https://blockchain.watch/alerts
815689,BTC,Bitcoin,3K1PN3MGtXxmUAKACNwudxx8X1iv96AXGJ,3MN8XNdrkPV1Rvq1QLbTKFfGYFC5qJJG2c,,2026-05-11T16:15:48.551022+00:00,31a0039c280b5778ea578b9d326772a1815df7bbf63b0552af8b8684b96de559,https://blockchain.watch/alerts
6118416,BTC,Bitcoin,37Ns2HJrGKX8zH6mxMVFvqH1yjCDv7ABZT,3KQGfM91DkzxgrDu4HppARfkDf1ZUrEp9d,,2026-05-11T16:15:48.481725+00:00,38c45721d3fc37f17b76093d0246700af8a3f8fff7a6d61a2993bd3ce796bc47,https://blockchain.watch/alerts
4404709,BTC,Bitcoin,32kvpPYpUBZb3b4Nsq1Se6xMXFySDdYLZ2,32mGx16Vz9ympG4rCH7mFNKrCQ1tA4AqSM,,2026-05-11T16:15:48.407639+00:00,1f0da0a470721a95412812a2f97421cf9130a694ff1e7d743b4ea0e7c1ceb736,https://blockchain.watch/alerts
909193,BTC,Bitcoin,3E84unqnU4xaH4JmuJm9rK3AVJdVMLHRZc,324H9uyTV9bPgAVgmdJNxPKKKZmowk5CYq,,2026-05-11T16:15:48.303861+00:00,83ea34fee3a3977015ffa31e34875975b33b6dfd71a3c0410a5d3d69a6fc587c,https://blockchain.watch/alerts
3370553,BTC,Bitcoin,3JZ3byZy7TTrfy8zdxrm9iqJrdsaZ5CrNw,bc1qr4dl5wa7kl8yu792dceg9z5knl2gkn220lk7a9,Kraken,2026-05-11T16:15:41.751504+00:00,025e804a35d006215367cce4531e154965927e9828b009f6b567ecc73d7d987b,https://blockchain.watch/entities/kraken
3942733,BTC,Bitcoin,bc1qm34lsc65zpw79lxes69zkqmk6ee3ewf0j77s3h,bc1qy0dahf95e9su0s9ycfmr0v60aat554laxfvt46,Binance,2026-05-11T16:15:33.625927+00:00,efb3ac4e097bd1b8a1138368967934906086261bc51385a85ab570ce10b26a3f,https://blockchain.watch/entities/binance
3909953,BTC,Bitcoin,bc1qm34lsc65zpw79lxes69zkqmk6ee3ewf0j77s3h,3LeQjypv7MJtKmcZLXmCTbAJ96Ab5hPvSc,Binance,2026-05-11T16:15:33.515881+00:00,24789a52448c06688c0c03710ee3dd628f4cfbba02a52c2fcd8f560d530c46f3,https://blockchain.watch/entities/binance
1305891,BTC,Bitcoin,bc1qgcgc5f0f5fth60ycqh6ufdehdds39cc3rajs5j,bc1qm34lsc65zpw79lxes69zkqmk6ee3ewf0j77s3h,Binance,2026-05-11T16:15:33.393044+00:00,824ce3b058d2477a1778e8eb4b6e73ba96604a5398016dd2028bd401948e35ed,https://blockchain.watch/entities/binance
3978013,BTC,Bitcoin,bc1qm34lsc65zpw79lxes69zkqmk6ee3ewf0j77s3h,bc1q533lu3e9rhd648wsa5aagar3r7t3dp2are0kur,Binance,2026-05-11T16:15:33.255574+00:00,f05bd59c05c57401f0ac127f55da6532b5eb5586648484ebea25a74a6b43bbb3,https://blockchain.watch/entities/binance
4045931,BTC,Bitcoin,bc1qm34lsc65zpw79lxes69zkqmk6ee3ewf0j77s3h,3K2FaTWczEVRMx5mn8FMibUcAoeGSBvMzi,Binance,2026-05-11T16:15:33.128882+00:00,85554c7239ae681a600a0185fd2b50b94e0004387b98afbd607c4dbc28b7bb71,https://blockchain.watch/entities/binance
4003509,BTC,Bitcoin,bc1qm34lsc65zpw79lxes69zkqmk6ee3ewf0j77s3h,bc1pcs8psph7dwmtg7mhx6knwwdzdr3lqcj5d6200txjv4sv3q646cdsr7z2ma,Binance,2026-05-11T16:15:33.013294+00:00,cd2f37e57a7fcae5025ca03ec5bec53c980290d79ef7fcb4ab9e7af5d5244295,https://blockchain.watch/entities/binance
4002463,BTC,Bitcoin,bc1qm34lsc65zpw79lxes69zkqmk6ee3ewf0j77s3h,38FNLPEC5oxznwygxyX9W11zUceKWAjtyD,Binance,2026-05-11T16:15:32.750358+00:00,d55a630c0c7e520669a679264e893135caa8c417396423233adffefe7029eee9,https://blockchain.watch/entities/binance
3986796,BTC,Bitcoin,bc1qm34lsc65zpw79lxes69zkqmk6ee3ewf0j77s3h,13pA9myFfZePqMjBkGyji7D3DvwjHbkUFd,Binance,2026-05-11T16:15:32.594181+00:00,3ca9070169efdc9f2ca32d9555298fade148f54bf4d911e3cf596412257efebc,https://blockchain.watch/entities/binance
1420822,ETH,Ethereum,0xedc7001e99a37c3d23b5f7974f837387e09f9c93,0xa9d1e08c7793af67e9d92fe308d5697fb81d3e43,Coinbase,2026-05-11T16:15:18.626116+00:00,0x1dbe8c3558f6b0a089c0cef06ae3ac1e32f889356b8d36ee3a935f9081ecc8ae,https://blockchain.watch/entities/coinbase
14221864,BTC,Bitcoin,324H9uyTV9bPgAVgmdJNxPKKKZmowk5CYq,1KbDEg1tDz2ErYgaDbaDhhawnLrSQFaFx5,,2026-05-11T16:00:38.178712+00:00,f87d0802eb4d651346e457aea9af70fd2edd5cd5a636db90deab5768fdc081a9,https://blockchain.watch/alerts
4066432,BTC,Bitcoin,bc1qyy30guv6m5ez7ntj0ayr08u23w3k5s8vg3elmxdzlh8a3xskupyqn2lp5w,bc1q866sv2stppgtywjejsjj3xsfrsm5e2f5zqwsx9z0qcx9k34f0xlqaslnwr,,2026-05-11T16:00:38.114555+00:00,61ab71bb4962136e6cea29636090fe5d543b9b5f721aa62f64a2f8ac910dcacd,https://blockchain.watch/alerts
858091,BTC,Bitcoin,bc1qufnaa5kgpdw4rpp9pwssfp6suedesvyr5gxh98,bc1qcnxq3k33nrj6ftuvkw05dnewvzygzsychsjzjg,,2026-05-11T16:00:37.730935+00:00,8da48e5760c279c54a2896f831976a873f89a0dd413375289bb3d6bbe7641782,https://blockchain.watch/alerts
4051944,BTC,Bitcoin,bc1qm34lsc65zpw79lxes69zkqmk6ee3ewf0j77s3h,3BGYoBi4LbdMC6FVMNZ4vxN9jVPEUUWJjM,Binance,2026-05-11T16:00:22.779514+00:00,48790501f358839d7e4c3b2e7cbfeaf36c5111fa78441ed9540b88cd95cebe4c,https://blockchain.watch/entities/binance
3971431,BTC,Bitcoin,bc1qm34lsc65zpw79lxes69zkqmk6ee3ewf0j77s3h,144Hc5UGDBcUxkxR8wHtydtJnUUneRQJGZ,Binance,2026-05-11T16:00:22.691641+00:00,d923462d2b12950d195e79a6ba726d973e7ba2bdb9578c8a3c066bc59a871c68,https://blockchain.watch/entities/binance
4019035,BTC,Bitcoin,bc1qm34lsc65zpw79lxes69zkqmk6ee3ewf0j77s3h,bc1q4j8c8rlnj9w6zxkdhrsxv7a7vaa8vdxdcc2jz5,Binance,2026-05-11T16:00:22.599075+00:00,46ebcbcd15f100bc02f2818759c82e772d9a72ce908faee2c59ba98ca70b2488,https://blockchain.watch/entities/binance
5693029,BTC,Bitcoin,bc1q4pwed68wvd9xe3kvllumgqeh5t829yyus7fez8,bc1qm34lsc65zpw79lxes69zkqmk6ee3ewf0j77s3h,Binance,2026-05-11T16:00:22.479314+00:00,1e7423f26818e72b3514058d4da2533da82a03f9d60adac4f36df1ca7d99a303,https://blockchain.watch/entities/binance
3431383,BTC,Bitcoin,bc1qm34lsc65zpw79lxes69zkqmk6ee3ewf0j77s3h,bc1qecg9v4grccjlefju045lm3a4faprqzjtxundfj,Binance,2026-05-11T16:00:22.323239+00:00,6951650d1ea23f78007352e2412fafeeb6a114a731d8b96f80799dcfa104c963,https://blockchain.watch/entities/binance
3251557,BTC,Bitcoin,bc1qm34lsc65zpw79lxes69zkqmk6ee3ewf0j77s3h,bc1q5zlxtd2jhn5epp97vhrchtha3yp6yfpc2tz9cv,Binance,2026-05-11T16:00:22.15952+00:00,70fafe24251a44d3f28aec02d34a69842fce7c1a8b680bd5e5a8f1d2f26b103d,https://blockchain.watch/entities/binance
1441772,BTC,Bitcoin,bc1qm34lsc65zpw79lxes69zkqmk6ee3ewf0j77s3h,bc1qy0dahf95e9su0s9ycfmr0v60aat554laxfvt46,Binance,2026-05-11T15:45:21.497633+00:00,72b6ecfe6aa329d463c3a851d4d318a04d783655c079d0cc3f151c9bec2707e6,https://blockchain.watch/entities/binance
573502,BTC,Bitcoin,bc1qm34lsc65zpw79lxes69zkqmk6ee3ewf0j77s3h,bc1qvjqp0qq943t3qkjqvzt0ua3c8qf9a39nqzwqmk,Binance,2026-05-11T15:45:20.787416+00:00,f607deff75f876efb0c1dbc07969d1d7c2433ddd9d4c372a6529eea2cc63c120,https://blockchain.watch/entities/binance
1408534,ETH,Ethereum,0xedc7001e99a37c3d23b5f7974f837387e09f9c93,0xb5d85cbf7cb3ee0d56b3bb207d5fc4b82f43f511,,2026-05-11T15:30:40.61327+00:00,0x65d21fd1dcd06c1162636baca81060b448170350cb55f387393ce3c2638fa068,https://blockchain.watch/alerts
12694889,BTC,Bitcoin,3JZ3byZy7TTrfy8zdxrm9iqJrdsaZ5CrNw,bc1qr4dl5wa7kl8yu792dceg9z5knl2gkn220lk7a9,Kraken,2026-05-11T15:30:31.374183+00:00,fa967afafe77e2f4b2de4c6dd5ad1f56e975fe0058d6aea6cf4eac8b19295ad9,https://blockchain.watch/entities/kraken
2130085,BTC,Bitcoin,bc1qm34lsc65zpw79lxes69zkqmk6ee3ewf0j77s3h,bc1qnq7x09k4cd62h5sgsyz2zq4xgyx5my9cm57hjr,Binance,2026-05-11T15:30:23.281178+00:00,4b278d7e3984aea0e5277f96e75d987fbe04e8321e0ee47188d616d80726b78c,https://blockchain.watch/entities/binance
2417919,BTC,Bitcoin,bc1qm34lsc65zpw79lxes69zkqmk6ee3ewf0j77s3h,3KbDzhb8B5pUU7Wk1y26J8D4cxYLmxJsca,Binance,2026-05-11T15:30:23.185336+00:00,2db6b8364c0b1312029870d7fb0bf0b99e87b56931013bde99afc7c670912be1,https://blockchain.watch/entities/binance
1397829,BTC,Bitcoin,bc1qm34lsc65zpw79lxes69zkqmk6ee3ewf0j77s3h,18M8A4KesqcNREpzjo8hLTeRGvAr7RoUfr,Binance,2026-05-11T15:30:23.069514+00:00,b096182771e7340a5fe9f48e7ab336b94ed3df96e1cf354ba9ce8cc0e7e538f0,https://blockchain.watch/entities/binance
1408534,ETH,Ethereum,0x28c6c06298d514db089934071355e5743bf21d60,0xedc7001e99a37c3d23b5f7974f837387e09f9c93,Binance,2026-05-11T15:30:07.808154+00:00,0x219e9f40b668563d5d83ab422ca9aa6b2145c4bd80238b07695eb7fe4103c268,https://blockchain.watch/entities/binance
16461344,BTC,Bitcoin,324H9uyTV9bPgAVgmdJNxPKKKZmowk5CYq,bc1q53n7a9a33l5x7ctdddc249eseummt8xe23z0mm,,2026-05-11T15:15:35.048077+00:00,072e6a8c16b8821347a4582d291e26b46257d0d5c3bf8aba706417e2e235747f,https://blockchain.watch/alerts
1593781,BTC,Bitcoin,bc1qm34lsc65zpw79lxes69zkqmk6ee3ewf0j77s3h,1Km2r1DtNXiV1nMpoxbcYb7rFTg6asRixn,Binance,2026-05-11T15:15:21.003658+00:00,7bf59acc503aa78663dac670c0bdb7048e2ffcecc09c186c31f91a60c530b0fe,https://blockchain.watch/entities/binance
9731824,ETH,Ethereum,0x24f7df5b5bff7e3d143fe27c71308ebaaae5cc42,0xa9d1e08c7793af67e9d92fe308d5697fb81d3e43,Coinbase,2026-05-11T15:15:08.90709+00:00,0xdae6470e2dda5877ef3793e754bff4c6cb1ef3c6c29559f04acb8dd501e767d5,https://blockchain.watch/entities/coinbase
2120711,ETH,Ethereum,0xeae7380dd4cef6fbd1144f49e4d1e6964258a4f4,0x28c6c06298d514db089934071355e5743bf21d60,Binance,2026-05-11T15:00:36.389287+00:00,0xafdb1cdae06588748c2c61a8c5ce9e50263d5dea7117389aa18d00aa0923e7fd,https://blockchain.watch/entities/binance
787190,ETH,Ethereum,0xb033a3844ce4bfe19c09af89913c6f5b4cdfe0e1,0x28c6c06298d514db089934071355e5743bf21d60,Binance,2026-05-11T15:00:36.271587+00:00,0x648ddc468fd0de54d2eea216b6443d8e4ae8c345c88f957f81108cf9fc0c0787,https://blockchain.watch/entities/binance
1191729,ETH,Ethereum,0x2b81201585111c68a7b1a908f15eecbce0fe9e72,0xa9d1e08c7793af67e9d92fe308d5697fb81d3e43,Coinbase,2026-05-11T15:00:36.157733+00:00,0xddae3513ec0d44f51fac48d6aaaadb2a508d02c57eb0f5d775f3f80fa40a1b85,https://blockchain.watch/entities/coinbase
7962294,BTC,Bitcoin,bc1qm34lsc65zpw79lxes69zkqmk6ee3ewf0j77s3h,bc1qmddz4dwglvqjuhvekjhl85n0y48psul5tsc87u,Binance,2026-05-11T15:00:21.108262+00:00,0225619a3096770d2d91613b1557edd98d852bb07c83bff63d868788e8f38d0a,https://blockchain.watch/entities/binance
986151,BTC,Bitcoin,bc1qm34lsc65zpw79lxes69zkqmk6ee3ewf0j77s3h,1KdCveSZfa6AKqNwod25fWXGhLDs3aLyDD,Binance,2026-05-11T15:00:20.921319+00:00,1f4ac2c276b453d465c24593bf67eaee0d4f791fbe8e68dfd03fe0666ea602be,https://blockchain.watch/entities/binance
5787875,ETH,Ethereum,0x28c6c06298d514db089934071355e5743bf21d60,0x1e4e7ef632f2075f43a99a43799d380be1558c7d,Binance,2026-05-11T15:00:06.568639+00:00,0xcf6e66ff39ca183d5e82e0c0e04778638152243796e987e8b853971f9b53b405,https://blockchain.watch/entities/binance
971034,ETH,Ethereum,0x39420b19f2286338335de4f8209d689c44750280,0xdb0b07eb1b737da3ea76e0346ba42eff47b082ad,,2026-05-11T14:45:47.471038+00:00,0x96d5df4ad80e6c99fb5482f88c3af27cf650b8533be13a3a067fddc2042263b3,https://blockchain.watch/alerts
694092,ETH,Ethereum,0x3af4a49c8e2fcaf33fd3389543b80d320fcc9091,0x0d05a7d3448512b78fa8a9e46c4872c88c4a0d05,,2026-05-11T14:45:47.384711+00:00,0x4a60bba2a2f0e7be49a79275683b786df83cdaac4fc1377928e936dc5c60d3b4,https://blockchain.watch/alerts
566043,BTC,Bitcoin,bc1qzqefys8nm3qwsqpar4zls04rglznfccf2vkref,1DHLo1RsAUyjDDARaLViXSvx9Ftao2Trjn,,2026-05-11T14:45:46.655498+00:00,6a69ac0e133abc2d45c26d7ea6c6430e7134851de13c0e145c0fc0690ca0bf2b,https://blockchain.watch/alerts
3852820,BTC,Bitcoin,3JZ3byZy7TTrfy8zdxrm9iqJrdsaZ5CrNw,bc1qr4dl5wa7kl8yu792dceg9z5knl2gkn220lk7a9,Kraken,2026-05-11T14:45:38.586725+00:00,74d34796e76be8da4e49222fae9d782b9fcf39117f930b1d2eb5e7d3465a1167,https://blockchain.watch/entities/kraken
1566409,BTC,Bitcoin,14yisKfBQV8keHjNhNv6U6qjjjUXnMzTL6,bc1qm34lsc65zpw79lxes69zkqmk6ee3ewf0j77s3h,Binance,2026-05-11T14:45:29.748492+00:00,b87a8730d1171e255b0c62fdc5f82f0b46c2d038e5ddf277e6e30c241f53d5d7,https://blockchain.watch/entities/binance
532148,BTC,Bitcoin,bc1qm34lsc65zpw79lxes69zkqmk6ee3ewf0j77s3h,3BGYoBi4LbdMC6FVMNZ4vxN9jVPEUUWJjM,Binance,2026-05-11T14:45:29.636589+00:00,81cd793d5fe3b47811fb306b1e2892420852ff8460b802fef08cfef0a8d774ab,https://blockchain.watch/entities/binance
8049798,BTC,Bitcoin,1M7ficW8AthPhefDkQ4S3RefCyfYZjjrEH,bc1qm34lsc65zpw79lxes69zkqmk6ee3ewf0j77s3h,Binance,2026-05-11T14:45:29.514596+00:00,dd78584d44cbfd0105da6bd101e0ec2310a02b0c21365c6052229660fc05e3fd,https://blockchain.watch/entities/binance
7507989,BTC,Bitcoin,1PZg7SkgKpAEH88y8uA9oSS7WevgNmsLvB,bc1qm34lsc65zpw79lxes69zkqmk6ee3ewf0j77s3h,Binance,2026-05-11T14:45:29.366048+00:00,41b9f1a6b5d2b6b02e5146c1722b6f0ffd80bf24c5fd1c26aa2d9d6b93302b80,https://blockchain.watch/entities/binance
3439641,BTC,Bitcoin,bc1qm34lsc65zpw79lxes69zkqmk6ee3ewf0j77s3h,339eE2Psesw6UbEuHU1sZfnvVCtLA6DpLd,Binance,2026-05-11T14:45:28.709985+00:00,bea0cb37b470c8b30c64341ee9edfc48c0ccbbaf0dee026219ba4b693385e270,https://blockchain.watch/entities/binance
4319294,BTC,Bitcoin,3JZ3byZy7TTrfy8zdxrm9iqJrdsaZ5CrNw,bc1qr4dl5wa7kl8yu792dceg9z5knl2gkn220lk7a9,Kraken,2026-05-11T14:30:49.68719+00:00,3c7f5ad0440a7d59eb64b6064b76bdf890726090b93e37801979d09b99dfb2ac,https://blockchain.watch/entities/kraken
1258266,BTC,Bitcoin,3Q8StmtPCgxNeeeM6Ue9errkDgZ9SiLHE4,bc1qec45zms00pc39urms6y9a2v4996nq50w62cpjd,,2026-05-11T14:15:36.678045+00:00,17069197fc7d1d7e4730c767dd2462ab9724401615596a073d8da9773ae25d71,https://blockchain.watch/alerts
6184956,BTC,Bitcoin,3JZ3byZy7TTrfy8zdxrm9iqJrdsaZ5CrNw,bc1qr4dl5wa7kl8yu792dceg9z5knl2gkn220lk7a9,Kraken,2026-05-11T14:15:29.622478+00:00,4cb1cb188a772820f93dc67be2233f79106b9b163d752c533a210cb32cb8dffb,https://blockchain.watch/entities/kraken
1031359,BTC,Bitcoin,bc1qm34lsc65zpw79lxes69zkqmk6ee3ewf0j77s3h,1Km2r1DtNXiV1nMpoxbcYb7rFTg6asRixn,Binance,2026-05-11T14:15:22.35177+00:00,76859eec2c472bafa4499655c26bf4933949247b8bdc271bdc1d121a7bb1176f,https://blockchain.watch/entities/binance
1188065,BTC,Bitcoin,bc1qm34lsc65zpw79lxes69zkqmk6ee3ewf0j77s3h,bc1qf0ut2uvq0rhxf5f544hwfr5k5wu3p0dxhdrds4,Binance,2026-05-11T14:15:22.258007+00:00,9b546a3d9abe53a1132f3e0f66fba9618d02ee83452b43e411be9bbee471ae78,https://blockchain.watch/entities/binance
2815022,BTC,Bitcoin,bc1qgcgc5f0f5fth60ycqh6ufdehdds39cc3rajs5j,bc1qm34lsc65zpw79lxes69zkqmk6ee3ewf0j77s3h,Binance,2026-05-11T14:15:22.02703+00:00,0bbd87debc161bb2fea45be7096142abe265142f95420a22c8ebb1e450cc7d17,https://blockchain.watch/entities/binance
1320345,BTC,Bitcoin,bc1qm34lsc65zpw79lxes69zkqmk6ee3ewf0j77s3h,bc1qtuzd6epxtcwh40n4l099erq7tufm3v7c0070el,Binance,2026-05-11T14:15:21.905945+00:00,9c08407d4697fa2cb3060dd4707914832ff4fd6f455ae1e2b328490f35227dc0,https://blockchain.watch/entities/binance
17197974,BTC,Bitcoin,bc1qm34lsc65zpw79lxes69zkqmk6ee3ewf0j77s3h,15DomY3arDPw5jD658Mbf3AY3wT3YCDmW2,Binance,2026-05-11T14:15:21.769494+00:00,8aaf0be92908e9c95249d2dce2e2d208eb0e731c467824d1e62c7894467776fe,https://blockchain.watch/entities/binance
1215700,BTC,Bitcoin,bc1qm34lsc65zpw79lxes69zkqmk6ee3ewf0j77s3h,3844du6JPnEbhiqabRC6HLXCTgpoDrx7kS,Binance,2026-05-11T14:15:21.136415+00:00,59dc004a031085790b9eab67b1ea01134b3113927ecefdfd604528e643ece4f4,https://blockchain.watch/entities/binance
2355322,BTC,Bitcoin,bc1p2ws3jd3krrplhs2r8z7pfv8dyydy2mh0y0ejqj4eesqv4cx4c6xq6x5yjg,bc1q5n0gpflxr47smgrjfyr6y56umdcq6dr5qze0ss,,2026-05-11T14:00:43.436302+00:00,fc3c76c0b569890b4e076388f09a627e92a5411345e8e72feda176827e1ee9a7,https://blockchain.watch/alerts
32373576,BTC,Bitcoin,bc1qcljwchc4aa36gcu94xzvt7qt5pll6yg6d77gje22rcq48ndepygsmm2g88,bc1q5f00znzz6ljcp202nwfsys52l7arcxq2d03k34l3u29ksx65pyts2lvtsj,,2026-05-11T14:00:43.323129+00:00,3660e8abdea9c853a3c6d9aa01af267da1d61bed2f94eb5b809d2e897908f8ba,https://blockchain.watch/alerts
16186784,BTC,Bitcoin,bc1qxpwntc726gnnt4mwcyzrpk89ftxh2z3z3yndfvhqmmtta2jpenjqsjtaue,bc1qqt8z87wnarksn4yz2yu3lhm54q72dgvpkqcympaz9wcs3zvey2mqksuvps,,2026-05-11T14:00:43.193866+00:00,e0a66968f6269df416d6dc5ed4a1b4ef1b6d4e236c8a19b1f4fed270cb865afe,https://blockchain.watch/alerts
16186784,BTC,Bitcoin,bc1qjhkv2d8hxqu9yj8ehmpmf7hu86waxe4wlk8uy5uqfdfmspeulpks7027wt,bc1qwuj0yy8np63yqghcwg7qpmacy0euwkayfad6dhcy3qxdcs0d2rfqlla8de,,2026-05-11T14:00:43.105399+00:00,83d3322086f858755343064e93bd991f0e1e839b8ebe4cc77b88b80c3979103f,https://blockchain.watch/alerts
1494851,BTC,Bitcoin,36UDSGdhoxzVTCYqdsZPo5B8T478sx3BRG,bc1qr4dl5wa7kl8yu792dceg9z5knl2gkn220lk7a9,Kraken,2026-05-11T14:00:35.977084+00:00,9261a62fa1d187ac412519aabe969eeded5118e529f8986e900cb34465d341a4,https://blockchain.watch/entities/kraken
11543189,BTC,Bitcoin,bc1qm34lsc65zpw79lxes69zkqmk6ee3ewf0j77s3h,15DomY3arDPw5jD658Mbf3AY3wT3YCDmW2,Binance,2026-05-11T14:00:28.853143+00:00,7eba91db4338e4057f2aef1b08af7709807deeb57f27718cf083b255fcba4cb7,https://blockchain.watch/entities/binance
510875,BTC,Bitcoin,bc1qm34lsc65zpw79lxes69zkqmk6ee3ewf0j77s3h,bc1qmtut78w3xaa5a4u5ssccjn97f8c8nvc6jr2vc5,Binance,2026-05-11T14:00:28.748984+00:00,c7afaeb7778b930eaf3dbafb180b93dd5cb44b423afad8b74822846728ecfc02,https://blockchain.watch/entities/binance
4046660,BTC,Bitcoin,bc1q4pwed68wvd9xe3kvllumgqeh5t829yyus7fez8,bc1qm34lsc65zpw79lxes69zkqmk6ee3ewf0j77s3h,Binance,2026-05-11T14:00:28.627897+00:00,61a7f8c64fdb503ed7b597cda81afdae7ae19834359cc0aef466e0a1a2b41c0b,https://blockchain.watch/entities/binance
573908,BTC,Bitcoin,bc1qm34lsc65zpw79lxes69zkqmk6ee3ewf0j77s3h,bc1ppgysltuuyywzjhsr84d5rlr5al7sfyd3ecknnp0d6pujyuprfgfqft75zt,Binance,2026-05-11T14:00:28.511271+00:00,ad4efa0125e3c611fab18c6f4b68a04324b669f78442edab621720ae0306b08f,https://blockchain.watch/entities/binance
541460,BTC,Bitcoin,bc1qm34lsc65zpw79lxes69zkqmk6ee3ewf0j77s3h,3LnQgBdzNsqsSBNxpxUAWGatt1NY2MgeD4,Binance,2026-05-11T14:00:28.395283+00:00,7060aa325123615cec263be26d898d03363a2479a1384b0e5b9caf948edc925e,https://blockchain.watch/entities/binance
537886,BTC,Bitcoin,bc1qm34lsc65zpw79lxes69zkqmk6ee3ewf0j77s3h,bc1ppdxlkaukf28zhc4tczehcv9murzk0uwuu50dhgp3tc5vejtlfv2qz5dyg0,Binance,2026-05-11T14:00:28.218358+00:00,55b9d0b528cfb22cb588fa195ace30013ed2648003915d68e79265e955007c14,https://blockchain.watch/entities/binance
2020764,BTC,Bitcoin,bc1qyy30guv6m5ez7ntj0ayr08u23w3k5s8vg3elmxdzlh8a3xskupyqn2lp5w,bc1qzk2pyxtahg64cx6gyq02vrw65fdxtpr253r4ygww9n2w2zjyy8wsnyc666,,2026-05-11T13:45:40.448583+00:00,e7bd70d117a76a425a4a529d2910c915039b1216e0fc3a4fa962bbb09a834f60,https://blockchain.watch/alerts
2313159,BTC,Bitcoin,3Ky9RNarFTwZ4SywztDuBbaLAr5dqTujkt,3Q8StmtPCgxNeeeM6Ue9errkDgZ9SiLHE4,,2026-05-11T13:45:40.338661+00:00,fcc8240b322eff7d8070976368d0d80e92181ae9e431764cb06ebea82fa413a9,https://blockchain.watch/alerts
1245298,BTC,Bitcoin,bc1qmagwl9y807u2qc7q038yj33c8y34qs8978ypmh,bc1qd3rsn58mxnqfxufd4fz8znx3mlxxu4dcsy4hz4,,2026-05-11T13:45:39.903971+00:00,f7d23c63ff4e41f8a7b4c07d2cac5a0529065be2c3f466f4cd6117f37d2b92dc,https://blockchain.watch/alerts
1455220,BTC,Bitcoin,bc1q55rtwaxp5eu7jttjqfyqz7fqa747x33kwmvpny,bc1qph8k9dzk6fe57hhzglaky0ttp3z64snkld54j9,,2026-05-11T13:45:39.812251+00:00,f96867077d7d4bf8fdfd9546ed3039892c04caf9a9e3fd3a70ac1e96e2285a42,https://blockchain.watch/alerts
16163785,BTC,Bitcoin,bc1qrkpepl2tcavzvtrm9azlr8wyeqtyrhva89e72m3vcrkfthnsv3cqpzzrwc,bc1qv3auuvyxupp5uatkez867rggpyygy9dn34354nupagwqzuzlmsmqn5vyj0,,2026-05-11T13:45:39.679537+00:00,e41d894ff6b700028961e885a99187c2dac69a80be1d2b022d3c7826766973f2,https://blockchain.watch/alerts
16163785,BTC,Bitcoin,bc1qyzgsd3jm3djdkspu6gwdz4aczhqxrnkj7s83vla8wdtpkwgjcfgqznyt5e,bc1qzrsnr3rah4w5l37979438pz9p8shrg227f5dkevk2f98g3lhfrhsnm95c3,,2026-05-11T13:45:39.5723+00:00,2b3646b93376b7b35037a7617fa3d5fd8ebcf5bc57972f5ef0021d3ac005db54,https://blockchain.watch/alerts
840719,BTC,Bitcoin,3JZ3byZy7TTrfy8zdxrm9iqJrdsaZ5CrNw,bc1qr4dl5wa7kl8yu792dceg9z5knl2gkn220lk7a9,Kraken,2026-05-11T13:45:33.060448+00:00,e855d24479181903cd2d2cb26a7f9e978bc00f31c8134e9ee1dfa46ad620ff6f,https://blockchain.watch/entities/kraken
2540463,BTC,Bitcoin,bc1qm34lsc65zpw79lxes69zkqmk6ee3ewf0j77s3h,bc1q0a2rnv6k05yd6h8p7exnkljyx0vyn4n2zlny7r,Binance,2026-05-11T13:45:25.587554+00:00,31e1e4478049013b468781b3a7f2c80a2a76618cc461972c0f14b1785c1ceaa1,https://blockchain.watch/entities/binance
3419184,BTC,Bitcoin,bc1qm34lsc65zpw79lxes69zkqmk6ee3ewf0j77s3h,3FX6Ho9CsQq8izmEfP2tKajsV9zM5snJ6V,Binance,2026-05-11T13:45:24.955984+00:00,e162527f753d43907d1417be5f6a929f89d6e6b96fa658c58f3e984d292c90ad,https://blockchain.watch/entities/binance
7273953,ETH,Ethereum,0xeae7380dd4cef6fbd1144f49e4d1e6964258a4f4,0x28c6c06298d514db089934071355e5743bf21d60,Binance,2026-05-11T13:45:08.506359+00:00,0x942e8b33c80cd4162ee9e1943aaf5626e0648e8e04fcafd28a287f37b0d39001,https://blockchain.watch/entities/binance
560859,BTC,Bitcoin,bc1qryhgpmfv03qjhhp2dj8nw8g4ewg08jzmgy3cyx,bc1qvex6u98q4077z9ww49h9xwlw2rlx68vq5nc6na,,2026-05-11T13:15:36.763724+00:00,5f74fc003ce09ab1da91663c63ba17da8815c4c9c1d6c5162b03c5070e9c2ab0,https://blockchain.watch/alerts
3216242,BTC,Bitcoin,1DLeNApsHNNzUMNZJVoXeyEY5sdp8vzx3w,bc1q0qan8c4qp44mhly5mzxec453ckjlxuz6elgl37,,2026-05-11T13:15:36.692447+00:00,82e44524d41f03259dd4c4632f3b87aa0d7937fbd2f1fc211d4958a70575b1b6,https://blockchain.watch/alerts
720123,BTC,Bitcoin,bc1qy6a268akwvw0a75pgtv2aurte4cg3ra49hwn93,bc1qt3x5ausyw7vrq0z40t9ja5m69t66uaalyd9wup,,2026-05-11T13:15:36.62332+00:00,e88af263ee8785a9e6db2673efe1293bedf9251f4bc5a8e38f11ea47fe435265,https://blockchain.watch/alerts
1131611,BTC,Bitcoin,3JZ3byZy7TTrfy8zdxrm9iqJrdsaZ5CrNw,bc1qr4dl5wa7kl8yu792dceg9z5knl2gkn220lk7a9,Kraken,2026-05-11T13:15:29.294272+00:00,d37395b8f1e8dda12156dabb8cb9c856c0f6c0857d9054afa1a110eae8db4e1b,https://blockchain.watch/entities/kraken
18462304,BTC,Bitcoin,bc1qm34lsc65zpw79lxes69zkqmk6ee3ewf0j77s3h,12VuUfQHTGqWDvBzm8TBad1mZBm4hjGEzN,Binance,2026-05-11T13:15:21.332953+00:00,ed32643e3bb0970eaeecc3905566ca4abb356992f6895c4f8f7cc30c9b53f26d,https://blockchain.watch/entities/binance
1880709,BTC,Bitcoin,bc1qm34lsc65zpw79lxes69zkqmk6ee3ewf0j77s3h,3Q6P5okoUPcdk47p1xM6ugJ11GFsdeF5HF,Binance,2026-05-11T13:15:21.23861+00:00,4792802aff309e5004ce8097c403f7fe28d83a7cc1143aac048ce5251d8ebfa5,https://blockchain.watch/entities/binance
5826050,ETH,Ethereum,0x2c0ec52e11eee4b8f6c391bad9ceb76e73a7a2c9,0xa9d1e08c7793af67e9d92fe308d5697fb81d3e43,Coinbase,2026-05-11T13:15:08.666471+00:00,0xca9cfea41e03671d87e7c86e5842fe2a4275f21303625b3fb40e6cc6a71da1f8,https://blockchain.watch/entities/coinbase
694368,ETH,Ethereum,0xeae7380dd4cef6fbd1144f49e4d1e6964258a4f4,0x28c6c06298d514db089934071355e5743bf21d60,Binance,2026-05-11T13:00:37.604942+00:00,0x9f5f07f23876d4b10acab65137ba5424a1712b4de5f705ab0a9cc59ef842bec8,https://blockchain.watch/entities/binance
4653197,BTC,Bitcoin,bc1qxd3yztxg80ad7d04zyuvse0mqdh7jchdhlkz0n33s463ydd3ktrq6r542s,1GWrrVZX8JkaPt2SCCANdw9thzHCbsFxG6,,2026-05-11T13:00:36.203796+00:00,9a7319193566f7891f57f98b8bf3380fb4a35fcdfbe632282b917eb97861784b,https://blockchain.watch/alerts
2747662,BTC,Bitcoin,bc1qz7ngreep2jxnya03e6qrsmh73mw0qrxq00lzqr,bc1qf88e8pu9839xmh3p9d3uvvd6ts90h3632ffwkw,,2026-05-11T13:00:36.10312+00:00,2b8d01f00b5b71193f69298ef4ec7fa70a0b9ff4f0dc93c37a701a31edc62907,https://blockchain.watch/alerts
642696,BTC,Bitcoin,bc1qy3qjdf8d6aw6acyfcxxdffq0zeh245aqjjgxyp,bc1qky0t6e8wn22w5n5a8jt4zd08wwq88ptutfur0k,,2026-05-11T13:00:36.018771+00:00,77799c27d0c5552bda3ed39d6422182aab3204067ac36431332a3083463d0c39,https://blockchain.watch/alerts
9726239,BTC,Bitcoin,bc1qxm4zhspdlrj66qqcgkqhqeahdkx69f260q5s0j,3E84unqnU4xaH4JmuJm9rK3AVJdVMLHRZc,,2026-05-11T13:00:35.930786+00:00,3f8cb9231fbc693ae7758f4534d06ecfd252788ae2401058b1f67aec8bdce5c1,https://blockchain.watch/alerts
684266,BTC,Bitcoin,bc1qzsm74j9nw89hamu2rc356xns49zx0gruf9ns8y,bc1qz6ctv9mq53v6c2fjsv3g6k7gt0j988rmddltkl,,2026-05-11T13:00:35.840898+00:00,42841b211910253ec92c3e28b94a6cfae8e80d175fec96557ccfd551ccaae5aa,https://blockchain.watch/alerts
6395001,BTC,Bitcoin,bc1qajcjp3g20rq3jsl02nq200lkvrxmdjp8wn3s87,3E84unqnU4xaH4JmuJm9rK3AVJdVMLHRZc,,2026-05-11T13:00:35.754077+00:00,133e24bb910b96db24a6762c07f404576bd2f63f37b3bb95513b7c0cec41eca0,https://blockchain.watch/alerts
548936,BTC,Bitcoin,bc1qm34lsc65zpw79lxes69zkqmk6ee3ewf0j77s3h,1K8mcDp4DKhRBZ3QDic2JHHAXcCn5VZXBj,Binance,2026-05-11T13:00:21.112532+00:00,37fde9d16ab21d48291452fa0f98c0b1d192313005fb5a130dec75ed3217130e,https://blockchain.watch/entities/binance
932305,BTC,Bitcoin,1PeVQnGw7JKhzqBxDE8vKJSFLpjqsBZKeX,bc1qm34lsc65zpw79lxes69zkqmk6ee3ewf0j77s3h,Binance,2026-05-11T13:00:20.986724+00:00,6aa8f68e3254f290f17c7e8bd646550f87cf003948345f242d66923d06d8f345,https://blockchain.watch/entities/binance
660434,BTC,Bitcoin,bc1qm34lsc65zpw79lxes69zkqmk6ee3ewf0j77s3h,38pPcA8T4Tdx9hm2gPecSofhYb8nDVuUE4,Binance,2026-05-11T13:00:20.794734+00:00,df5fa09ee2868d9c07a8d13a3daa29af8d437b6f2a9179b4368d60fe1b3b52ea,https://blockchain.watch/entities/binance
544363,BTC,Bitcoin,3JZ3byZy7TTrfy8zdxrm9iqJrdsaZ5CrNw,bc1qr4dl5wa7kl8yu792dceg9z5knl2gkn220lk7a9,Kraken,2026-05-11T12:45:31.875081+00:00,fa2ce2d7d28c549ab5cce8332306368bc53ba89fe5143e5c3e3fb2d06cbaf789,https://blockchain.watch/entities/kraken
6006039,BTC,Bitcoin,13Ah9GtfyGZjxzbv6McMKDTuZFpT8uCJkm,bc1qm34lsc65zpw79lxes69zkqmk6ee3ewf0j77s3h,Binance,2026-05-11T12:45:24.325334+00:00,33038f219f519ef90844e0c2aa96bf094ecf261f863a0bd5ee089ed9cb7ba5fa,https://blockchain.watch/entities/binance
7950108,BTC,Bitcoin,18a5PLLX5nwvuYs44gfX6amsxXn43Ji15s,bc1qm34lsc65zpw79lxes69zkqmk6ee3ewf0j77s3h,Binance,2026-05-11T12:45:24.193211+00:00,70b4c171d78f883dbd57b1ca097cf3930c5041572e30276fb2d21a913a45be3d,https://blockchain.watch/entities/binance
18456170,BTC,Bitcoin,1KbDEg1tDz2ErYgaDbaDhhawnLrSQFaFx5,bc1qm34lsc65zpw79lxes69zkqmk6ee3ewf0j77s3h,Binance,2026-05-11T12:45:24.075772+00:00,dab1c1e9289b2fc25f550d2d9c52004fb9cb80c8545fb6dbc7250eead2ffce17,https://blockchain.watch/entities/binance
1079039,BTC,Bitcoin,bc1qm34lsc65zpw79lxes69zkqmk6ee3ewf0j77s3h,bc1qy556zdsjs62agx9pxh99tkqhxd8fy3mqjz0evr,Binance,2026-05-11T12:45:23.598066+00:00,d2239ae37f3c889784a9a463f86504a2be926131e45ed6d7105f1a37f45cc3c9,https://blockchain.watch/entities/binance
561579,ETH,Ethereum,0x2b5431e034ace47318edfdd4f693224562c27c6e,0x28c6c06298d514db089934071355e5743bf21d60,Binance,2026-05-11T12:30:36.223935+00:00,0x59d24c8c0b00ddc85454034dc5c44040b54cb2659e8326db8c446714816b9186,https://blockchain.watch/entities/binance
1007612,BTC,Bitcoin,bc1qrv0v2l9ekrx3lnkeusrzvu2hqyha6ex94nxumlhec4mrye8njm7sn7e4v4,bc1qx2x5cqhymfcnjtg902ky6u5t5htmt7fvqztdsm028hkrvxcl4t2sjtpd9l,,2026-05-11T12:30:35.076926+00:00,26edb657e12eaff903437c55283583f775b9ac25dc3f2e7717493efbf68edc97,https://blockchain.watch/alerts
880673,BTC,Bitcoin,bc1qryhgpmfv03qjhhp2dj8nw8g4ewg08jzmgy3cyx,bc1q7hfx6pjrxe6vkcrgt9gaerckk8m0gfrkhgrdwx,,2026-05-11T12:30:34.56789+00:00,5355acbcd471e63ca29db7499ec2e795b04e4cb12eff3afd28537df8a856e773,https://blockchain.watch/alerts
3315395,BTC,Bitcoin,12XZMdaAGmcHf4ocFSqpd8jFd1WH7RHUPs,1DLeNApsHNNzUMNZJVoXeyEY5sdp8vzx3w,,2026-05-11T12:30:34.480447+00:00,8f05e8c7eef0075038d340beedda617e9b1514bff86ffdae21d2a66b23174412,https://blockchain.watch/alerts
789367,BTC,Bitcoin,bc1qm34lsc65zpw79lxes69zkqmk6ee3ewf0j77s3h,bc1qjp5gcv8ucvsv2fljfxy5dkfyezkju6qk07t5fh,Binance,2026-05-11T12:30:19.098954+00:00,22a4951fedb30a4dd4568df7c122869a535aac75494aea4d866462c5fa0132c9,https://blockchain.watch/entities/binance
7365763,BTC,Bitcoin,bc1qm34lsc65zpw79lxes69zkqmk6ee3ewf0j77s3h,bc1p2mlwrss9tmvtfvu0tcxul2h0w67ej8vyjpj3ksctt67vd9r752ksqx6uqm,Binance,2026-05-11T12:30:18.999514+00:00,b24f7a36fbc9286ef6e269f35b44b7c4714447383ded39b4d3bb62a6440ad6d5,https://blockchain.watch/entities/binance
832815,BTC,Bitcoin,bc1qm34lsc65zpw79lxes69zkqmk6ee3ewf0j77s3h,18QDBj9MZycGMmDv8EvK9t3WhRcJuAmqr9,Binance,2026-05-11T12:30:18.872536+00:00,b5bf4a933ec59de64d5f46308f920fe073b10fbbce75acd8097454ae655d055c,https://blockchain.watch/entities/binance
4549005,BTC,Bitcoin,14SKabtuM6ZSaW1jYuoWqYd9YCvB9WMsTZ,19oVBN9y9grui39BwtSCA7PJh1xb9PVPju,,2026-05-11T12:15:37.475651+00:00,ac6ec0c9ab6842b9c1447de3577b47afd72ec514eb43629847fe9320a4bcefe2,https://blockchain.watch/alerts
609620,BTC,Bitcoin,32hK628jM4j1xLRQzJuvLsBhmBxKeVSdgN,bc1qr4dl5wa7kl8yu792dceg9z5knl2gkn220lk7a9,Kraken,2026-05-11T12:15:30.759714+00:00,30b78a89e0225d60984a2a312432dc9d1c28b368b7897118ae685442bcda42e4,https://blockchain.watch/entities/kraken
1051355,BTC,Bitcoin,bc1qm34lsc65zpw79lxes69zkqmk6ee3ewf0j77s3h,bc1qx6ywak64fm40rugf63p755sq4wh4zvkzrqm3p8nr45dy2003damsy7898g,Binance,2026-05-11T12:15:23.652087+00:00,0398bb24d912d1e80c8f77c117ab6b2b540cb1e0eaf0e6aabf6741bdbeeb75f8,https://blockchain.watch/entities/binance
3924050,BTC,Bitcoin,bc1qh66t4rcxnyreuq7hsdd0antj2l62jd50meznwj,bc1qm34lsc65zpw79lxes69zkqmk6ee3ewf0j77s3h,Binance,2026-05-11T12:15:23.056897+00:00,b0812bcce06df01c5c6d52e4e9ae75706cc45e0a85a9231094539d2db2bf99c3,https://blockchain.watch/entities/binance
3315240,BTC,Bitcoin,1DLeNApsHNNzUMNZJVoXeyEY5sdp8vzx3w,12XZMdaAGmcHf4ocFSqpd8jFd1WH7RHUPs,,2026-05-11T12:00:37.671721+00:00,f87c6e3cf69f24ce107be8798e7f4eff29e91d96f4bf46072b5f50365ff34669,https://blockchain.watch/alerts
4124009,BTC,Bitcoin,bc1p0jj3rnmwzw9tpm48zdptesx5dhxzqkm7qs3yu9t4hpu84hdfjz9sudzv3s,bc1qkezrknvy2mr2fyr44pjnrevrdkkv95dr8u4t53,,2026-05-11T12:00:37.595091+00:00,16e7b0a4bffc604a088f72c8f0010f5feace6a71f8118b06f04349d1efdae936,https://blockchain.watch/alerts
747703,BTC,Bitcoin,bc1qm34lsc65zpw79lxes69zkqmk6ee3ewf0j77s3h,bc1qwvlvmha3cvhyq6qztjzumq2d63ffhtzyxxu6q8,Binance,2026-05-11T12:00:21.791302+00:00,b8566a9c96436a84f143df0986e3188e1d9a91b6e3d916dfe9ae33b567698045,https://blockchain.watch/entities/binance
2546966,BTC,Bitcoin,bc1q684fe4lnsxu742dh0rny3uf4lzkvf0g9fqa8mx,bc1qm34lsc65zpw79lxes69zkqmk6ee3ewf0j77s3h,Binance,2026-05-11T12:00:21.246623+00:00,1cc4f93d7ad74fd342d7f88a4ae70ec91a4d77f24df70e0896dcbbf7e0f609a9,https://blockchain.watch/entities/binance
680455,BTC,Bitcoin,bc1qm34lsc65zpw79lxes69zkqmk6ee3ewf0j77s3h,bc1q2g6nxqvv2s09plap4x4j6pgnc2y42lmjy8fpxf,Binance,2026-05-11T11:45:40.696034+00:00,b669555f1b748047e959350766b52e909084758a78239c1dd581d9602a982c52,https://blockchain.watch/entities/binance
1092752,BTC,Bitcoin,bc1qm34lsc65zpw79lxes69zkqmk6ee3ewf0j77s3h,3BGYoBi4LbdMC6FVMNZ4vxN9jVPEUUWJjM,Binance,2026-05-11T11:45:39.985109+00:00,b0f3e37ecb748a8745b9c9ac765fc1187726162f24fb8e536bf1d3e8e3a9034c,https://blockchain.watch/entities/binance
1808915,BTC,Bitcoin,36UDSGdhoxzVTCYqdsZPo5B8T478sx3BRG,bc1qr4dl5wa7kl8yu792dceg9z5knl2gkn220lk7a9,Kraken,2026-05-11T11:30:31.140485+00:00,34cad47f7bf6ae31c24a2f15f9b9d0ad679484f4d4edde643a4935c0d16efaed,https://blockchain.watch/entities/kraken
956062,BTC,Bitcoin,bc1qm34lsc65zpw79lxes69zkqmk6ee3ewf0j77s3h,1JxRfuWanwwND4oM2UgxSb6xEo9PW8vbSY,Binance,2026-05-11T11:30:21.532757+00:00,1aac0012c5e86acf8b0aaa797c48a303379e3474bded2e26453ded330b334f16,https://blockchain.watch/entities/binance
803585,BTC,Bitcoin,bc1qm34lsc65zpw79lxes69zkqmk6ee3ewf0j77s3h,bc1puxra4m23sc9f9948qek7hg0208fy3903ejc89emgeknrhrvh3u2qxpwpz5,Binance,2026-05-11T11:30:20.843977+00:00,42db65e0d9cd854df30f51d567ea73355bb39ebcc9b5ad3da964d2ef48ed589d,https://blockchain.watch/entities/binance
503133,BTC,Bitcoin,bc1qm34lsc65zpw79lxes69zkqmk6ee3ewf0j77s3h,bc1qvq3cuxfzearh49cy8g6mtw6hdfmv79lh4jdxr7,Binance,2026-05-11T11:30:20.718692+00:00,57d02cd40119504dc98ee3333ac379d0467b7f7e69940323f62048494af0f423,https://blockchain.watch/entities/binance
2432597,BTC,Bitcoin,bc1qm34lsc65zpw79lxes69zkqmk6ee3ewf0j77s3h,bc1qqljspys6njt76x2hfpvpltttewfj0j8z8lwgn7,Binance,2026-05-11T11:30:20.594354+00:00,7ce8bd43bacddcd92aab2bb19776a22b443ac0a6020b1c2636fdbf57b63d5d8d,https://blockchain.watch/entities/binance
3424760,BTC,Bitcoin,12XZMdaAGmcHf4ocFSqpd8jFd1WH7RHUPs,1DLeNApsHNNzUMNZJVoXeyEY5sdp8vzx3w,,2026-05-11T11:15:39.190852+00:00,029d3ad4054b7c6c0c7a5fdf5d6576c7ec90b92fce14929b7907076372c23559,https://blockchain.watch/alerts
544594,BTC,Bitcoin,bc1qm34lsc65zpw79lxes69zkqmk6ee3ewf0j77s3h,bc1qqljspys6njt76x2hfpvpltttewfj0j8z8lwgn7,Binance,2026-05-11T11:15:25.696503+00:00,a3e015f15deaff8e1f34d90f513cae120bfbba5aa04d1da7ca3042a2437d563f,https://blockchain.watch/entities/binance
513620,BTC,Bitcoin,bc1qm34lsc65zpw79lxes69zkqmk6ee3ewf0j77s3h,bc1qu3juunxxh0mqf39c4r082hl7k52c5jjnkr8j8p,Binance,2026-05-11T11:15:25.577803+00:00,05165accc4850990df2321c9275be173a789d35564cf86362a87b741670f6b74,https://blockchain.watch/entities/binance
590599,BTC,Bitcoin,bc1qm34lsc65zpw79lxes69zkqmk6ee3ewf0j77s3h,bc1quz2aqnq9x7znuklgg33jrcpzeucf49h4qhwevu,Binance,2026-05-11T11:15:24.534283+00:00,7a66c76839a2bf79def90fe20fb6d89a321d0ecdd3123f690835791701356fc7,https://blockchain.watch/entities/binance
1982716,ETH,Ethereum,0x30bdce36a7a158ee736536ac9c324ca6c1556b35,0x1ab4973a48dc892cd9971ece8e01dcc7688f8f23,,2026-05-11T11:00:39.216656+00:00,0x57811506808d42652cd52d8513cfbc87611ceaf96c25c37d6cc2ecf40cb34795,https://blockchain.watch/alerts
12721269,ETH,Ethereum,0x1157a2076b9bb22a85cc2c162f20fab3898f4101,0x42bf5681a3bec188d2e67e3f82f72d4df6f02585,,2026-05-11T11:00:39.072055+00:00,0x80df2ff323e4835129dc96a7227b4134a06a8f92af6401ca2b22a15baf4bacd8,https://blockchain.watch/alerts
2085352,ETH,Ethereum,0x42a178633240601d3485e1f51d8b62ea58c9b5ae,0x0d0707963952f2fba59dd06f2b425ace40b492fe,,2026-05-11T11:00:38.901608+00:00,0x33fc489c2ab06ba9a36c2af843720149eb7b1b19f227d1e8e03dcafd011ff0f0,https://blockchain.watch/alerts
769703,BTC,Bitcoin,1DLeNApsHNNzUMNZJVoXeyEY5sdp8vzx3w,12XZMdaAGmcHf4ocFSqpd8jFd1WH7RHUPs,,2026-05-11T11:00:37.962227+00:00,f216ac7dd9143a0b1fb711f5edf81a9a58d7a3aa96d5f6f670a3dd66ff0b135f,https://blockchain.watch/alerts
890380,BTC,Bitcoin,3JZ3byZy7TTrfy8zdxrm9iqJrdsaZ5CrNw,bc1qr4dl5wa7kl8yu792dceg9z5knl2gkn220lk7a9,Kraken,2026-05-11T11:00:30.640491+00:00,4b7596bb48b7a21b8f0cdb9582c4106d6f3c58f8d5f5db6de55f11bac69c6b9f,https://blockchain.watch/entities/kraken
507526,BTC,Bitcoin,bc1qm34lsc65zpw79lxes69zkqmk6ee3ewf0j77s3h,bc1qea5j9ceg4rl54579penqz50qhmydrjxkq0kvrl,Binance,2026-05-11T11:00:21.763297+00:00,cff62cfaae7d4e822b4acd446389c684ad138e674d88746536517cd68bf24081,https://blockchain.watch/entities/binance
1042546,BTC,Bitcoin,bc1qm34lsc65zpw79lxes69zkqmk6ee3ewf0j77s3h,bc1qquz933y6cw0l0rhmfxcmakptjfjs0sz5awf3qe,Binance,2026-05-11T11:00:21.001578+00:00,ab29d609d080fb158af4d18d668d4ec7729ea8cb1b0b05f03baee370231a2013,https://blockchain.watch/entities/binance
788491,BTC,Bitcoin,12XZMdaAGmcHf4ocFSqpd8jFd1WH7RHUPs,1DLeNApsHNNzUMNZJVoXeyEY5sdp8vzx3w,,2026-05-11T10:45:38.037519+00:00,33f3eaf1f3e0fbc139a6fd34d41c65c66ac40508074bad835eaca2cdf0c1865a,https://blockchain.watch/alerts
773830,BTC,Bitcoin,1DLeNApsHNNzUMNZJVoXeyEY5sdp8vzx3w,1GrwDkr33gT6LuumniYjKEGjTLhsL5kmqC,,2026-05-11T10:45:37.976953+00:00,c42c1f06e9b9306dc83eb16d7dd79293eb80ba58c48a6de0d3290b71a435cfdb,https://blockchain.watch/alerts
760231,BTC,Bitcoin,1PHUrgkK4AALnfMLrm5KzfzF4y5K1qBSEZ,1HoYsWF24XSsAqiM37d86RnqSi6mHqb3QG,,2026-05-11T10:45:37.922694+00:00,bba7a6ad755d8c30089f01943e92523df4b293efa69b9c6d708c55ba6ac802ca,https://blockchain.watch/alerts
4102346,BTC,Bitcoin,bc1qm34lsc65zpw79lxes69zkqmk6ee3ewf0j77s3h,bc1qvf9xam98j79hzckac8jz9fp2akfgca59hfmwn4,Binance,2026-05-11T10:45:21.386442+00:00,9cca8d8b4cbb83a255bd361757feac05897ae1791dd66a5b4d3f2237b97b9e99,https://blockchain.watch/entities/binance
7479697,BTC,Bitcoin,1HMZpcPjnHT8Px31kZfuVUbMM8umuSqBba,bc1qm34lsc65zpw79lxes69zkqmk6ee3ewf0j77s3h,Binance,2026-05-11T10:45:21.280068+00:00,c5f5681f306d0b77e5c35535d70c33bba2c8dfce10d00a0d66a229d12185d221,https://blockchain.watch/entities/binance
7147691,BTC,Bitcoin,16gWSWQ8nJ6QiiuCj8Ya9ADVZVD4LRRQyy,bc1qm34lsc65zpw79lxes69zkqmk6ee3ewf0j77s3h,Binance,2026-05-11T10:45:21.198231+00:00,11a15f149dfc8996ac27f363cc1cdc8d98c3b05f917b2e2aa5129c210e0861a3,https://blockchain.watch/entities/binance
6722086,BTC,Bitcoin,1KbDEg1tDz2ErYgaDbaDhhawnLrSQFaFx5,bc1qm34lsc65zpw79lxes69zkqmk6ee3ewf0j77s3h,Binance,2026-05-11T10:45:20.637054+00:00,3e1f9931d76240ebcdc72c368eac319ae05ef77c231c8e94916d47f50f81aaaa,https://blockchain.watch/entities/binance
3856646,BTC,Bitcoin,bc1qm34lsc65zpw79lxes69zkqmk6ee3ewf0j77s3h,1AdZ7cJZEVzn7fXeC7N9WavJ2mx7sWiyq5,Binance,2026-05-11T10:15:21.476843+00:00,a04c9c45cefc0d7e8a424d65d27a8483a69727829b05633c05922cbde9309bb8,https://blockchain.watch/entities/binance
643883,BTC,Bitcoin,bc1qryhgpmfv03qjhhp2dj8nw8g4ewg08jzmgy3cyx,bc1qfly38p5sl2fprjffxgz5d4d5vfe4nkcgw0xhpk,,2026-05-11T10:00:34.656061+00:00,97b89647141e02fb899dc9b2a4825d75d3c1f0e3dd33c2ad989b55a9a8f987a7,https://blockchain.watch/alerts
8091900,BTC,Bitcoin,bc1q0mn52qghy935nxlqj3setajp2kmtjj07ct3y7f,bc1qm34lsc65zpw79lxes69zkqmk6ee3ewf0j77s3h,Binance,2026-05-11T10:00:20.981243+00:00,d3f83667aa3241b1c1ac925b196d957be17ced7d27183dcf2c30c52bc705c2d0,https://blockchain.watch/entities/binance
3716708,BTC,Bitcoin,bc1qm34lsc65zpw79lxes69zkqmk6ee3ewf0j77s3h,3QUXKTDmtCbJ9hFEmExZa3xLmENJXaG4QP,Binance,2026-05-11T10:00:20.871269+00:00,2f0e20c18f748d15c79b6876a406498e42997aaf3164a2ad01e6cbe602ab9e47,https://blockchain.watch/entities/binance
1072274,BTC,Bitcoin,bc1qm34lsc65zpw79lxes69zkqmk6ee3ewf0j77s3h,bc1qqf499x4cht6rzr3qanpmdl9hjw7lkc95zl3vnt,Binance,2026-05-11T10:00:20.784934+00:00,efd327f0b36108cac32964dbad8ec9d3a5f5cd1b2addc65c76aadc3b1a422c42,https://blockchain.watch/entities/binance
510313,BTC,Bitcoin,bc1qm34lsc65zpw79lxes69zkqmk6ee3ewf0j77s3h,bc1qquz933y6cw0l0rhmfxcmakptjfjs0sz5awf3qe,Binance,2026-05-11T10:00:20.647936+00:00,44e4d3321e39342bae3730320cddfe9019a96a597872bd753bc9493e5c144210,https://blockchain.watch/entities/binance
672591,ETH,Ethereum,0xcd01bbecf609bbd52cf94e0882ba11ee27f099d0,0x28daaa070b65ade4521cbfd4044e06fe9044f1cf,,2026-05-11T09:45:39.193437+00:00,0xa8fd1132f663d7d6b01dcbeb3f23b0c54bf2a9cbbcbf84d69e9da9edc516e1d2,https://blockchain.watch/alerts
789667,BTC,Bitcoin,12XZMdaAGmcHf4ocFSqpd8jFd1WH7RHUPs,1DLeNApsHNNzUMNZJVoXeyEY5sdp8vzx3w,,2026-05-11T09:45:37.837886+00:00,e83599e653fdb617ebd5f67a69150fb528133aed18742998670d9bb993ee4453,https://blockchain.watch/alerts
2096024,BTC,Bitcoin,bc1qm34lsc65zpw79lxes69zkqmk6ee3ewf0j77s3h,bc1q5wvug3fkes0pjmwa09hewp5f5wdv7zl39tpt59,Binance,2026-05-11T09:45:22.403247+00:00,288ac7010c3473f6eabf98ec7a6952fe6bbfbf6c4c0f3b15ff80e929283d159c,https://blockchain.watch/entities/binance
2591431,ETH,Ethereum,0xdf60b874eb4716c21b58bd2a7c34716c853576b4,0x28c6c06298d514db089934071355e5743bf21d60,Binance,2026-05-11T09:30:41.891574+00:00,0x5a7b1ba064ea2153ef5ed11a6194299092ba8915cb1cbdb4f0bba5372a4bce15,https://blockchain.watch/entities/binance
1168010,ETH,Ethereum,0x275753c02ecdfbcb196527f51c4bd1a09503489c,0x8b0d88b8be3c15d746feb0b1f18c883c03b6aa62,,2026-05-11T09:30:41.441938+00:00,0x1f31ce77cec3b8e15a0a7f738e80191c01f278fb1c57912a7e8b8b20d3e963be,https://blockchain.watch/alerts
4031832,BTC,Bitcoin,12XZMdaAGmcHf4ocFSqpd8jFd1WH7RHUPs,bc1qs2qj382yea3p8hw57kqtlayrp6fe3t36zy42fj,,2026-05-11T09:30:40.806301+00:00,d0a441f495c70341e770ded06407ee49fbf47e56209eb1715fd90ec5ffd4f9e7,https://blockchain.watch/alerts
528250,BTC,Bitcoin,32hK628jM4j1xLRQzJuvLsBhmBxKeVSdgN,bc1qr4dl5wa7kl8yu792dceg9z5knl2gkn220lk7a9,Kraken,2026-05-11T09:30:33.587175+00:00,4a78f896ab70ca484f836738f46b4a3824901c76e8d108b2bdfaf70f2d4eb597,https://blockchain.watch/entities/kraken
4033337,BTC,Bitcoin,bc1qm34lsc65zpw79lxes69zkqmk6ee3ewf0j77s3h,17MPS5sQvB9sLTrTRBBTVLnd8gAPb2QPVC,Binance,2026-05-11T09:30:26.30683+00:00,c7479e43148b03eb21bcfee0d6355d3388b1f239b6ec2868c6adb86a1063a362,https://blockchain.watch/entities/binance
4040008,BTC,Bitcoin,bc1qm34lsc65zpw79lxes69zkqmk6ee3ewf0j77s3h,bc1qstvg62y5mtzhaza02mttselpy8l27mrq6272vu,Binance,2026-05-11T09:30:26.151709+00:00,a1400408f4f3f4220eb481b59740fa546137e75b212879397f0b79f5df23bd81,https://blockchain.watch/entities/binance
46095171,BTC,Bitcoin,bc1qm34lsc65zpw79lxes69zkqmk6ee3ewf0j77s3h,,Binance,2026-05-11T09:30:25.674786+00:00,8c62f72ccbf17ddf4591527fc388fdb008314f5cbf88fc9e59f80b80c83199ab,https://blockchain.watch/entities/binance
1370147,BTC,Bitcoin,bc1qyy30guv6m5ez7ntj0ayr08u23w3k5s8vg3elmxdzlh8a3xskupyqn2lp5w,bc1q866sv2stppgtywjejsjj3xsfrsm5e2f5zqwsx9z0qcx9k34f0xlqaslnwr,,2026-05-11T09:15:39.218387+00:00,6020d15d265ad682c1d4391cd7ae27ea2f8337c8e8a1d74f4fa5a5d99fee3e47,https://blockchain.watch/alerts
4043569,BTC,Bitcoin,3QHhs5Eb7Efhx6NZyh2i7n79yfz82UFowN,3P1FZtiAZr2xm4mhRUSm8kAtASSnYreo3b,,2026-05-11T09:15:39.086902+00:00,e1616977a0d2dbae7893cb1b58fceb440b738ff722c7c47373c392a7db5dd463,https://blockchain.watch/alerts
4809228,BTC,Bitcoin,3LHZNTmeQqzKqqGLXUDxq7uGUX59qDvoEU,bc1qr4dl5wa7kl8yu792dceg9z5knl2gkn220lk7a9,Kraken,2026-05-11T09:15:31.228956+00:00,4a58bab4ba952641c9f017100da774df76e5e5005b40c438a7151cb226141b40,https://blockchain.watch/entities/kraken
3949714,BTC,Bitcoin,bc1qm34lsc65zpw79lxes69zkqmk6ee3ewf0j77s3h,bc1q0kyjfxkl74c79kjd76uatvswgu57u59l5r4jhy,Binance,2026-05-11T09:15:22.576485+00:00,f77128c26c2ed9af3c7d70d5dd6c0510217c378b9b465267ba6ae6b0d656c8b5,https://blockchain.watch/entities/binance
3939610,BTC,Bitcoin,bc1qm34lsc65zpw79lxes69zkqmk6ee3ewf0j77s3h,32X9mVipUTkKusrcM7EL5tN6kJ3HuEjEnX,Binance,2026-05-11T09:15:22.459939+00:00,5f13091d39248e8c03debebf5fed6db121e8b7b50d1eec857d544694b12921e6,https://blockchain.watch/entities/binance
4000075,BTC,Bitcoin,bc1qm34lsc65zpw79lxes69zkqmk6ee3ewf0j77s3h,bc1qt6fp5y0sg2w4xmtzlzuhvqaqwyumgh4uh73m8v,Binance,2026-05-11T09:15:22.355+00:00,8195fd269f63d3209c5028e6e31721aa6fca1e4fed8659415c103fa209b29473,https://blockchain.watch/entities/binance
35114270,ETH,Ethereum,0xcde5d48fca07f9c52300d2e65632dd71ed169b90,0x28c6c06298d514db089934071355e5743bf21d60,Binance,2026-05-11T09:15:07.601782+00:00,0x9e1df4e8262dccafcdc7b24e4fbaefc656192907b99c5876b26158b04251ad6f,https://blockchain.watch/entities/binance
13286307,ETH,Ethereum,0x3700749a3377ec1e73be540be012e013de5b5aca,0xdaa7143682fe59f6d2d541ff285d44b0ae3d37a2,,2026-05-11T09:00:37.11086+00:00,0x48f3194cd6bbd225e2b69eda31113645d03de4b585d0f73a080091fccbefd4e0,https://blockchain.watch/alerts
796107,BTC,Bitcoin,1DLeNApsHNNzUMNZJVoXeyEY5sdp8vzx3w,1GrwDkr33gT6LuumniYjKEGjTLhsL5kmqC,,2026-05-11T08:45:41.326427+00:00,9cb40dccabda5cf93b17b091d459a1bbb3b9ff6e60d71929a441bfc2bc383cbd,https://blockchain.watch/alerts
1335521,BTC,Bitcoin,bc1qf43tdrym26qlz8rg06f88wg35n27uhcf29zs4f,bc1q0eycx0gs0qx99mkl7jggqtqcvqvqnyxfcpy834,,2026-05-11T08:45:41.234471+00:00,310115b4308a08b8b4821712b9014a878a86d920df39ebb3291e2ced0e63e2e7,https://blockchain.watch/alerts
521637,BTC,Bitcoin,324H9uyTV9bPgAVgmdJNxPKKKZmowk5CYq,18eLG9mqeCKVrL7hGcYG1QMQHRHtdCykyX,,2026-05-11T08:45:41.136621+00:00,77187caab915f9df5f6c20c4558fd2319a45b4cfa39e917cab65006089dc61f5,https://blockchain.watch/alerts
803628,BTC,Bitcoin,3JZ3byZy7TTrfy8zdxrm9iqJrdsaZ5CrNw,bc1qr4dl5wa7kl8yu792dceg9z5knl2gkn220lk7a9,Kraken,2026-05-11T08:45:34.319375+00:00,6e3dae9146334b598be32dddecd34bd7609b238c92e93f9dbdc839ab1233bec0,https://blockchain.watch/entities/kraken
46010841,BTC,Bitcoin,1AZ7aYCT6JPLF1EZ7PgymfFtH4xK44CcCP,bc1qm34lsc65zpw79lxes69zkqmk6ee3ewf0j77s3h,Binance,2026-05-11T08:45:26.1183+00:00,f3ac7a8d52dba0199e377d7213e6afaf3e483d5090061f80732e12c17b9ddf5a,https://blockchain.watch/entities/binance
7771762,BTC,Bitcoin,1EeAFUK1KhS4GTArQuL7cd6kzezeJtj9Nc,bc1qm34lsc65zpw79lxes69zkqmk6ee3ewf0j77s3h,Binance,2026-05-11T08:45:26.025649+00:00,7dbf88cf1d09058b1a22ca02c7c033df3a48f75a90d5d6e5708bf8ea492115a8,https://blockchain.watch/entities/binance
4824337,BTC,Bitcoin,14R8NuJvWc5gFPTYh7HpuNvQUPEfDk9urf,bc1qm34lsc65zpw79lxes69zkqmk6ee3ewf0j77s3h,Binance,2026-05-11T08:45:25.910811+00:00,495496aa3eb8ba7f7c7365633be86f1c201b30b9a06ee01a41a163ad1548d94f,https://blockchain.watch/entities/binance
6991966,BTC,Bitcoin,1KbDEg1tDz2ErYgaDbaDhhawnLrSQFaFx5,bc1qm34lsc65zpw79lxes69zkqmk6ee3ewf0j77s3h,Binance,2026-05-11T08:45:25.790565+00:00,da8cedbe6503a39886a7ea519d36e9ef3c0f57795a0a7ccd1aea0293e15c8da5,https://blockchain.watch/entities/binance
4029601,BTC,Bitcoin,bc1qm34lsc65zpw79lxes69zkqmk6ee3ewf0j77s3h,bc1qkfuks3njtuqzwvt74q8nrxqvcvvegcsktlecad,Binance,2026-05-11T08:45:25.208164+00:00,0efa8581fb1be3f8f67ea521b1459bc730d9dda8cb432b152054d381458f06ce,https://blockchain.watch/entities/binance
4037441,BTC,Bitcoin,13HGKH42S2fk4tx5gcSMjXz4Tm6X2Xzj5P,12XZMdaAGmcHf4ocFSqpd8jFd1WH7RHUPs,,2026-05-11T08:30:43.46754+00:00,a144468d27a0859382c1e437d596948214efa1722175464ce5e4beea200218b9,https://blockchain.watch/alerts
843518,BTC,Bitcoin,1NCVVYBmUK1XVmEg5qsHsWCRVfXFoskLFs,16gWSWQ8nJ6QiiuCj8Ya9ADVZVD4LRRQyy,,2026-05-11T08:30:43.397392+00:00,7d280d749ba85fd4e849cd00fef43c8e65d341ead9c287b80d0c980ddcd5102d,https://blockchain.watch/alerts
19945003,BTC,Bitcoin,bc1qr4dl5wa7kl8yu792dceg9z5knl2gkn220lk7a9,bc1q7cyrfmck2ffu2ud3rn5l5a8yv6f0chkp0zpemf,Kraken,2026-05-11T08:30:35.430724+00:00,1dbc3441c64e3732dcffec134ea6ca15784a69fdec50cf8aee9f25b82892652e,https://blockchain.watch/entities/kraken
18601201,BTC,Bitcoin,bc1qr4dl5wa7kl8yu792dceg9z5knl2gkn220lk7a9,bc1q7cyrfmck2ffu2ud3rn5l5a8yv6f0chkp0zpemf,Kraken,2026-05-11T08:30:35.315367+00:00,eab6337d70f812283c29cba809aa9148c1b1fd576b09bb3a7d143a4c5b18abd4,https://blockchain.watch/entities/kraken
3912935,BTC,Bitcoin,bc1qm34lsc65zpw79lxes69zkqmk6ee3ewf0j77s3h,bc1qynlcv4fqkfp2xcfk4khxtzghs9jzmr6f3ptak6,Binance,2026-05-11T08:30:27.287282+00:00,8d3f6e488c5f8ccd389c1e11836c8e3431c7a9f74d618f2045746db059b71e76,https://blockchain.watch/entities/binance
3898253,BTC,Bitcoin,bc1qm34lsc65zpw79lxes69zkqmk6ee3ewf0j77s3h,3LHZNTmeQqzKqqGLXUDxq7uGUX59qDvoEU,Binance,2026-05-11T08:30:27.20431+00:00,8e8d32c531546c048d045d545f7ae6db44d5e938c3f9660bea53a42a3e890a0e,https://blockchain.watch/entities/binance
793923,BTC,Bitcoin,bc1qm34lsc65zpw79lxes69zkqmk6ee3ewf0j77s3h,35bbWBhyL1BMwcCHFhcNdogGX2BmtNB4G9,Binance,2026-05-11T08:30:27.118255+00:00,f302fd0b2fa5867e5dd88c895182dbe2a60b38beab213847c0918e03e535f3c9,https://blockchain.watch/entities/binance
4004645,BTC,Bitcoin,bc1qm34lsc65zpw79lxes69zkqmk6ee3ewf0j77s3h,bc1qcumfn5ztwkvezl36u9m6nrqx62rxfxla5ynzj7,Binance,2026-05-11T08:30:27.001162+00:00,fd0221811babcf5b9e5885c7aa8cf2887fb1c3ab96ef6e66da56b2de03797a0b,https://blockchain.watch/entities/binance
4029180,BTC,Bitcoin,bc1qm34lsc65zpw79lxes69zkqmk6ee3ewf0j77s3h,32t3KgKUbRuJdcj611wzfBBrqtdsJ2WQRn,Binance,2026-05-11T08:30:26.872073+00:00,ab2eb896fbbd591ea8570f1674640fb52f2a3f49d9d112d004f80c073635e3ff,https://blockchain.watch/entities/binance
4027470,BTC,Bitcoin,bc1qm34lsc65zpw79lxes69zkqmk6ee3ewf0j77s3h,1NBYWqtQvWmT7hzEB11XyGjHp4G177AVgz,Binance,2026-05-11T08:30:26.385191+00:00,bd40c7e2de02c0050bdbc6e8f43317d04774c60c29f97d2cc65291ced0edba8c,https://blockchain.watch/entities/binance
758812,BTC,Bitcoin,3BAznjeygrHbLVRooXLRUFSfiJqfvuS9XJ,bc1qrv0v2l9ekrx3lnkeusrzvu2hqyha6ex94nxumlhec4mrye8njm7sn7e4v4,,2026-05-11T08:15:39.179076+00:00,f199792c5791084152dc87c89a7334a9c2bde0f3c26f6459de68148211b773a9,https://blockchain.watch/alerts
1629139587,BTC,Bitcoin,bc1qx2x5cqhymfcnjtg902ky6u5t5htmt7fvqztdsm028hkrvxcl4t2sjtpd9l,bc1q0szdgnjn30msnq3852njc8sse357uw7qxxxj4p,,2026-05-11T08:15:38.785849+00:00,47e3fdf22910f41530def23d4211f69d1e15cfc0dacdcd7edca7e7dd8bbc828f,https://blockchain.watch/alerts
800667,BTC,Bitcoin,12XZMdaAGmcHf4ocFSqpd8jFd1WH7RHUPs,1MVG5a32pzBR4r5dMd8mAucDo3vhFMtSvo,,2026-05-11T08:15:38.681361+00:00,55e5ceb84d35260162d8d8f5f05f525b11e5da4c3f7f0852c2db76db7f64eee4,https://blockchain.watch/alerts
679022,BTC,Bitcoin,3J5hsSddounsXxYH4XWdCP851rZMBWs1VC,bc1qr4dl5wa7kl8yu792dceg9z5knl2gkn220lk7a9,Kraken,2026-05-11T08:15:29.819591+00:00,84e7ed80416cc66ab6b438ce308324c7a9fbe5e83b12af18ac1b72d4b406e420,https://blockchain.watch/entities/kraken
614379,BTC,Bitcoin,bc1qr9sa5dcerueqzewtja0pcge307emax7jxctcas,3Lgado9NAvbihS5jfEdLgwp9CsX51NCR8N,,2026-05-11T08:00:43.230476+00:00,35658ad613e45830283d1eeb776aea36b47b4710cf1847054105fd828a60998c,https://blockchain.watch/alerts
807323,BTC,Bitcoin,1JWD5cK4ctJuGjY19DkTJXz9YZHEz2jiyM,12XZMdaAGmcHf4ocFSqpd8jFd1WH7RHUPs,,2026-05-11T08:00:42.714169+00:00,d2c18fcbcb652c0de3999c64b97adb17d0d99f8ce2deaeb74d39df1bdb1bcb95,https://blockchain.watch/alerts
2046698,BTC,Bitcoin,bc1qm34lsc65zpw79lxes69zkqmk6ee3ewf0j77s3h,1LrsMHnT2z7gpc7gADVPfS1naQsWvG4ee8,Binance,2026-05-11T08:00:28.463018+00:00,471e5dd299d2198a48836e2b085a9a76571f9bcfc8c34502a41d4014b9f955aa,https://blockchain.watch/entities/binance
3995879,BTC,Bitcoin,bc1qm34lsc65zpw79lxes69zkqmk6ee3ewf0j77s3h,bc1q25y06nhxr4lh98fj0a6err4wh8h5xm9eguax9l,Binance,2026-05-11T08:00:28.210595+00:00,0ad7f5c89fae8fe190f36601edbdb564599e2ac93bccfff1f39659ed175ae928,https://blockchain.watch/entities/binance
3943203,BTC,Bitcoin,bc1qm34lsc65zpw79lxes69zkqmk6ee3ewf0j77s3h,34D73CV3Ppz6f8cHXDhhrtPv6Eif8q8bo8,Binance,2026-05-11T08:00:28.031071+00:00,30e3d18f466433051af6071da4dba708a5446b26fe73d8704d32781898868412,https://blockchain.watch/entities/binance
3981128,BTC,Bitcoin,bc1qm34lsc65zpw79lxes69zkqmk6ee3ewf0j77s3h,3KbDzhb8B5pUU7Wk1y26J8D4cxYLmxJsca,Binance,2026-05-11T08:00:27.824403+00:00,93a606ad62be8f1bb7b4c31226fddaaa37c8d2a4f6ae6d97def260bd07303267,https://blockchain.watch/entities/binance
4021347,BTC,Bitcoin,bc1qm34lsc65zpw79lxes69zkqmk6ee3ewf0j77s3h,3BTkVV49MLooaQgzMgJZBZetngtoenB6AP,Binance,2026-05-11T08:00:27.147249+00:00,fd2f238c266a44da6ef3e67907eac7fa44ce404e58232a16a06ff39195874ebd,https://blockchain.watch/entities/binance
7037947,ETH,Ethereum,0xcde5d48fca07f9c52300d2e65632dd71ed169b90,0x28c6c06298d514db089934071355e5743bf21d60,Binance,2026-05-11T07:30:37.770264+00:00,0x73b4978c28c980d69e5b4d9d51260be5e1d0987dad348b3495afef34d8966e3a,https://blockchain.watch/entities/binance
4661370,ETH,Ethereum,0x040f8d27e4dcb3a0543e2cae341adc823b229df4,0x2d32e2caa6d01048de94830627b5c88e92ad009c,,2026-05-11T07:30:37.357038+00:00,0x90bb6f30b57ec448e3cae37767feda5cc5137588fed8f8151c63a9b9e2f1cdc2,https://blockchain.watch/alerts
1275477,ETH,Ethereum,0x5ee84d30c7ee57f63f71c92247ff31f95e26916b,0x25ba6b3fef4878d8763ad3fa8a6e2d065f127f73,,2026-05-11T07:30:37.25601+00:00,0x44167f2143c7aeef9309bcd7f32297e8a684bd4178c8bd3583eb66a500badd45,https://blockchain.watch/alerts
2503462,BTC,Bitcoin,bc1qm34lsc65zpw79lxes69zkqmk6ee3ewf0j77s3h,bc1qegx839thz4fre5u80hn2y8a3ayc746sc3ru60n,Binance,2026-05-11T07:30:20.866652+00:00,ee892871600b0ac8e773c4481656807d555bf9642175d4d99dcacb046de62e3d,https://blockchain.watch/entities/binance
1408826,BTC,Bitcoin,bc1qm34lsc65zpw79lxes69zkqmk6ee3ewf0j77s3h,bc1qlkx76jxsysa46ef4a24k6nkkjlk3qk4ee63je0,Binance,2026-05-11T07:30:20.257547+00:00,9c8a4ee48df0b74a2d513a9940fc126ab089563fdc7628f73beedc55394fbdaa,https://blockchain.watch/entities/binance
1098030,BTC,Bitcoin,bc1qm34lsc65zpw79lxes69zkqmk6ee3ewf0j77s3h,18Z5AHEB1VrtiXbiRAT7nnCU8wjWgvCTgD,Binance,2026-05-11T07:15:27.254219+00:00,1183dfb2ca2d3c4bcb8bbf900b8897861a966eded300129ee838e7f8c0379d41,https://blockchain.watch/entities/binance
567632,BTC,Bitcoin,bc1qm34lsc65zpw79lxes69zkqmk6ee3ewf0j77s3h,bc1qcf2keuyrm5xc6rktfy7lgsu5uenxdrdx7ne2v0,Binance,2026-05-11T07:15:27.163465+00:00,613e665b24b54e63c493722c042e046e3e11f32c14b9a2555016dde5d5889b69,https://blockchain.watch/entities/binance
761404,BTC,Bitcoin,bc1qm34lsc65zpw79lxes69zkqmk6ee3ewf0j77s3h,1Hy7Co4b7UCrL2F4Fby8aa73UiNHnwLWa1,Binance,2026-05-11T07:15:26.412411+00:00,0f3f2852f530032f3282663a9746b1e2ba4d3c767a1f27e168b50873ed0f640f,https://blockchain.watch/entities/binance
5833427,ETH,Ethereum,0x546de0797b90c26d29c9a513211c5fa31d5b8d70,0x28c6c06298d514db089934071355e5743bf21d60,Binance,2026-05-11T07:00:39.548405+00:00,0xb73305b301daf1fd36c054df1ecc5c0d9b5cf4490d55b40c322765156b68aeb9,https://blockchain.watch/entities/binance
808458,BTC,Bitcoin,12XZMdaAGmcHf4ocFSqpd8jFd1WH7RHUPs,1DLeNApsHNNzUMNZJVoXeyEY5sdp8vzx3w,,2026-05-11T07:00:38.197899+00:00,0f9a1ba2791a0dd37addf4df2791bf91264edbfe8b44a2b6c5f91a250749e11d,https://blockchain.watch/alerts
1965010,BTC,Bitcoin,bc1qm34lsc65zpw79lxes69zkqmk6ee3ewf0j77s3h,3KbDzhb8B5pUU7Wk1y26J8D4cxYLmxJsca,Binance,2026-05-11T07:00:22.18378+00:00,30cb897837112078d121ad593c68ca6c0b531df789eb2f358fcd6492a47f1161,https://blockchain.watch/entities/binance
907588,BTC,Bitcoin,15gV6E7HzjPMtpqAMWkzohZpDUyVUG5KLZ,bc1qv9gqezpmnwzmkvs2kwp89676j5h9y9w8fr7yfr,,2026-05-11T06:45:37.644442+00:00,edddc4607630db1c64521604ed505b55bfa70a731b59a3690b1fbb7f2ac0d15f,https://blockchain.watch/alerts
1749320,BTC,Bitcoin,bc1qm34lsc65zpw79lxes69zkqmk6ee3ewf0j77s3h,168BveijMCEZPSbVQL6jAQNoAZd39996P4,Binance,2026-05-11T06:45:22.369119+00:00,fe0db5a4589309bf2bf1b25d1f255116c3322a6145433b40e3c5c74f82ca9b40,https://blockchain.watch/entities/binance
1029201,BTC,Bitcoin,bc1qm34lsc65zpw79lxes69zkqmk6ee3ewf0j77s3h,bc1qdqudqnhd64yfzk5ak4env77v96a5vfseff3phg,Binance,2026-05-11T06:45:22.266933+00:00,f34099d8531cbb131f57f4d3ff29c8a01f5976be162e67e596cab0b0c317bb7f,https://blockchain.watch/entities/binance
4728349,BTC,Bitcoin,19ZBRL3n47kLadNMSsYMcimDdggLpAMFkf,bc1qm34lsc65zpw79lxes69zkqmk6ee3ewf0j77s3h,Binance,2026-05-11T06:45:22.133408+00:00,5e0799821268a2451e175a81f2b64a79acde501719970397de963efaf716b82f,https://blockchain.watch/entities/binance
7705081,BTC,Bitcoin,1BXaYQX5VeeXgb854fDuZagVHjAcetyhS2,bc1qm34lsc65zpw79lxes69zkqmk6ee3ewf0j77s3h,Binance,2026-05-11T06:45:21.160961+00:00,27e3a6784150ac42c36309794cee6eaf2b3687c41e776c65ae3390098b6145a7,https://blockchain.watch/entities/binance
546086,ETH,Ethereum,0x9ef14cf5ca2b72d0b59caeac6798d2e3ce6b85d4,0x28c6c06298d514db089934071355e5743bf21d60,Binance,2026-05-11T06:30:41.084416+00:00,0xa7f1d55c2cacf7f67cf9246f631771664a36c946708df8893b69d35b866cd8b0,https://blockchain.watch/entities/binance
3219150,BTC,Bitcoin,bc1qj5hywkz4tq8fpxmt3zazeluzps6kqdr5wtyeesmadj5vfstx4zeqz9gz4u,bc1qtjvcdx3v7a82wjf5nrry9rafg9rw60upyvpy90tnqg7cw6lvrdfq0y3mzv,,2026-05-11T06:30:39.052102+00:00,f36ffd72ef50c86cfeca56147b08ceb5bcc64caccb8aa47f764f7f3f884f6b6c,https://blockchain.watch/alerts
957810,BTC,Bitcoin,1DLeNApsHNNzUMNZJVoXeyEY5sdp8vzx3w,1KbrhnKer7oKeVFyXf2sfytHAQKQqFabQY,,2026-05-11T06:30:38.991459+00:00,898efcac7ede6849218ee4e5b4b54498018a55b0fc1f0f0c888fb13900c78acf,https://blockchain.watch/alerts
887443,BTC,Bitcoin,1M6DLSSix7hW6YmMuqqydBQhScGy9eLU8N,1GrwDkr33gT6LuumniYjKEGjTLhsL5kmqC,,2026-05-11T06:30:38.913185+00:00,3585572e4e74f7d7ae2dd1e2e31bd0f91112148978a5be425bc07908b71acd86,https://blockchain.watch/alerts
756315,BTC,Bitcoin,bc1qm34lsc65zpw79lxes69zkqmk6ee3ewf0j77s3h,3Jq8XjrYJEwxGgE12KGL7MeiK5anGHkmHb,Binance,2026-05-11T06:30:24.976014+00:00,3da84682014765bbd9c4e2f6b34980214e3061f2e6073bd072ba003d7ce7452e,https://blockchain.watch/entities/binance
630907,BTC,Bitcoin,bc1qm34lsc65zpw79lxes69zkqmk6ee3ewf0j77s3h,bc1q5chfs0zxnwdqfhrfcl88tg55fd46h9k9nj56np,Binance,2026-05-11T06:30:24.819542+00:00,ec8de9d6c619755694787258e7f761bf5f0e8531d34b26239a11778b2aa138d4,https://blockchain.watch/entities/binance
882242,BTC,Bitcoin,bc1qm34lsc65zpw79lxes69zkqmk6ee3ewf0j77s3h,bc1qs3ykg90wx9e9u4lz5um3y2kwa398637vj004ls,Binance,2026-05-11T06:30:24.283204+00:00,3efa729ce32c0a4cf226df0c5b450357a5a9ec94d6a8da5162cd5e94b2b29354,https://blockchain.watch/entities/binance
517299,BTC,Bitcoin,bc1qryhgpmfv03qjhhp2dj8nw8g4ewg08jzmgy3cyx,bc1qkfgrc5mgddqxkuz3melmhjwmvvra28d0yd538r,,2026-05-11T06:15:42.097311+00:00,4c7937e6293b338dd8914303d80b681cd5e58e7d5cce04dd15963ee6c9697373,https://blockchain.watch/alerts
813947,BTC,Bitcoin,12XZMdaAGmcHf4ocFSqpd8jFd1WH7RHUPs,1CsuYiqoHLapWjBzh6wx7Ykkm3aWo8sdGo,,2026-05-11T06:15:42.031276+00:00,160b75e87bc3de7fdc65c07f480563f0c76ee80fde30b3628e7dcfe67908e36c,https://blockchain.watch/alerts
817506,BTC,Bitcoin,1DLeNApsHNNzUMNZJVoXeyEY5sdp8vzx3w,bc1qsccj45lv5qjlraqr3vz5lv0j42a2rxn63q30v8,,2026-05-11T06:15:41.957151+00:00,8688f3b3ebb352b9255f9bbfc8df9ea2acef7e4d23ce411f53de501fe4a3f99e,https://blockchain.watch/alerts
15435825,BTC,Bitcoin,bc1p2ws3jd3krrplhs2r8z7pfv8dyydy2mh0y0ejqj4eesqv4cx4c6xq6x5yjg,bc1qdqc9dfad9dgln9aqhjjl4ucm0xnded2hgrvedh,,2026-05-11T06:15:41.892741+00:00,01e7e339aec25f7fc7fd28b0ca0bb49af8fd8a19344bd9177112d62e713a5c61,https://blockchain.watch/alerts
644915,BTC,Bitcoin,bc1qgrj3zsu66pvtvhrt7veq46dfd7fdda2wlypc0l,bc1q8c4arncg90mmrd29mh5uqfy56544cnrh9snydx,,2026-05-11T06:15:41.825402+00:00,80f7cf503f2aeb16ebb4eb1378c49616fc227c6325837bb7aae0cc49d20ac4b8,https://blockchain.watch/alerts
3694750,BTC,Bitcoin,bc1qm34lsc65zpw79lxes69zkqmk6ee3ewf0j77s3h,3QkkassxX7jzjjsvR1sthTot2mBvVFjPCF,Binance,2026-05-11T06:15:26.543546+00:00,2043ad7ace94ec42e95ea8b10d79efdee29a6eecefe6904bc4450ffb1224c234,https://blockchain.watch/entities/binance
632183,ETH,Ethereum,0x3c7201f61c491ae4772138fe150008d546c450d9,0x28c6c06298d514db089934071355e5743bf21d60,Binance,2026-05-11T06:15:09.591728+00:00,0x909cb21c2ba8e7b3823ed9fa0a8f2a3c37b3b3fef290a47b19e22593edbeebb7,https://blockchain.watch/entities/binance
1938266,ETH,Ethereum,0xc37362927fe05aba72c533e23f97781ebb0877b7,0x1ab4973a48dc892cd9971ece8e01dcc7688f8f23,,2026-05-11T06:00:37.602875+00:00,0xb2b1870c92fe7abcc5dd97037dea5debd43abadab5d019cf6c64841298ab0f09,https://blockchain.watch/alerts
1039999,BTC,Bitcoin,1DLeNApsHNNzUMNZJVoXeyEY5sdp8vzx3w,1MD4LR73UX1EqZQUr2Z2uJmHyYHQuvjVyj,,2026-05-11T06:00:37.032557+00:00,1159d70371f7e90bdb66e30e1d04f61f31a00a07f8c30e2de9528be2324643fa,https://blockchain.watch/alerts
578888,BTC,Bitcoin,bc1qwqdg6squsna38e46795at95yu9atm8azzmyvckulcc7kytlcckxswvvzej,35wVRKycWG7DbSCagEk67nh7gUopvqrUaM,,2026-05-11T06:00:36.968726+00:00,09b9f9bf2678e2312656cdd68591a6e42ec2c2bb603cd1990158aad76b81c07e,https://blockchain.watch/alerts
825261,BTC,Bitcoin,1GgCxzoDhxBgiUqATFsJ3KGbceHGV23vkB,1DLeNApsHNNzUMNZJVoXeyEY5sdp8vzx3w,,2026-05-11T06:00:36.603961+00:00,56991efb6326fbcd80c15b5de121b2a30aeed439b71ec672dea000bd310174e1,https://blockchain.watch/alerts
1853757,BTC,Bitcoin,bc1qzensl5my3xet7t88trgk0fscx6psq5med59y9g,bc1qxzarcvtc6v5qxfz87lsqylj2wy53ncac25e06e,,2026-05-11T06:00:36.542556+00:00,615c5ac7980ed8110d95f802191d668c00e86ba8a98f3bd06b5e81949a31b3f9,https://blockchain.watch/alerts
921911,BTC,Bitcoin,3JZ3byZy7TTrfy8zdxrm9iqJrdsaZ5CrNw,bc1qr4dl5wa7kl8yu792dceg9z5knl2gkn220lk7a9,Kraken,2026-05-11T06:00:30.000555+00:00,39828f94ed313782f04fa66bb896ca02abc5aa350ce8e2f0aa3c0b5d9befd149,https://blockchain.watch/entities/kraken
4023507,BTC,Bitcoin,bc1qm34lsc65zpw79lxes69zkqmk6ee3ewf0j77s3h,bc1qlccksaaehjkdv4tgf032pvx8n76uhazqt4rgy70y4drmqwh5espqwx89f9,Binance,2026-05-11T06:00:22.81439+00:00,f675dbcd6736181060007583f1b4fd0bfacd52ddc357ce16c08309d7630bf455,https://blockchain.watch/entities/binance
2058969,BTC,Bitcoin,bc1qm34lsc65zpw79lxes69zkqmk6ee3ewf0j77s3h,3KbDzhb8B5pUU7Wk1y26J8D4cxYLmxJsca,Binance,2026-05-11T06:00:22.690154+00:00,cf7fa170caa997ed81be9245d5986777300ba25999365f6952e1291c7ae12458,https://blockchain.watch/entities/binance
1545518,BTC,Bitcoin,bc1qm34lsc65zpw79lxes69zkqmk6ee3ewf0j77s3h,bc1qnwafj9hy9w827dh4nq2vsr9ltgf2qjm6tf465h,Binance,2026-05-11T06:00:22.130411+00:00,6a5f11058e939434f8229e1cff6e3f7d19a9d9cbbb3e5734de55052b313f47e9,https://blockchain.watch/entities/binance
2361155,BTC,Bitcoin,bc1p2ws3jd3krrplhs2r8z7pfv8dyydy2mh0y0ejqj4eesqv4cx4c6xq6x5yjg,33RGBuRgbXyLSfaX3wtyh5ixK66rWLu8vt,,2026-05-11T05:45:41.199602+00:00,4f48f397b822f858746ce55dcf2b92041f9756f7cee5125a10483b15e3d86603,https://blockchain.watch/alerts
607124,BTC,Bitcoin,bc1qwqdg6squsna38e46795at95yu9atm8azzmyvckulcc7kytlcckxswvvzej,bc1qwvlvmha3cvhyq6qztjzumq2d63ffhtzyxxu6q8,,2026-05-11T05:45:41.132768+00:00,9381f38078c3fff69dbf8ea9262666fe4310dd93c3e958098867812db06b591d,https://blockchain.watch/alerts
1160442,BTC,Bitcoin,3JZ3byZy7TTrfy8zdxrm9iqJrdsaZ5CrNw,bc1qr4dl5wa7kl8yu792dceg9z5knl2gkn220lk7a9,Kraken,2026-05-11T05:45:34.517609+00:00,8e714af620552365f3fc0cce5048132a7e775c3d7bcf38d77b8753dbdb3bfe3e,https://blockchain.watch/entities/kraken
2639387,BTC,Bitcoin,bc1qm34lsc65zpw79lxes69zkqmk6ee3ewf0j77s3h,bc1qtkjxyql9v299s0ljkf5p5nrf9wgr3rk7my3uqzyw773gzenrh2hsk9zlqs,Binance,2026-05-11T05:45:23.460703+00:00,b2d5f88f6ffe968a8521af3557b770b440cdd75f23d5a8b2f3ccfdebbf3159ed,https://blockchain.watch/entities/binance
3763265,BTC,Bitcoin,bc1qm34lsc65zpw79lxes69zkqmk6ee3ewf0j77s3h,32JZkmWjaqj9duBpBBYAmWnZZG8kdKabw9,Binance,2026-05-11T05:45:23.348058+00:00,e57a2e121b88f0184a88c8659a6d5fed6b7ac43318a94ad9e3f66343b5d2dffc,https://blockchain.watch/entities/binance
1240266,BTC,Bitcoin,bc1qm34lsc65zpw79lxes69zkqmk6ee3ewf0j77s3h,,Binance,2026-05-11T05:45:23.235554+00:00,32c9c5f0e75355efa58127279026545493327877f4e8c8c2c89c88bfe922f3f6,https://blockchain.watch/entities/binance
974118,BTC,Bitcoin,bc1qm34lsc65zpw79lxes69zkqmk6ee3ewf0j77s3h,bc1qc7jrxnt2wwrd309yqx4ylnmegmjy52yn5patqw,Binance,2026-05-11T05:45:22.55088+00:00,6726b5aabf0939d1971b82d2247ac8d3c8e48bb7fc4614c40bd7fe8125d0b7c2,https://blockchain.watch/entities/binance
507735,ETH,Ethereum,0xd3475c9c37c1da4ecb6bfd65b0de891b9bfb795f,0xef317e433b0836f294866d43f67d6871b609b351,,2026-05-11T05:15:37.298993+00:00,0xc92bbbcb1164ab497c3e583a45682fad76166316055e3febbd1c6b1e4c4dfefd,https://blockchain.watch/alerts
8017633,BTC,Bitcoin,bc1qm34lsc65zpw79lxes69zkqmk6ee3ewf0j77s3h,bc1qlccksaaehjkdv4tgf032pvx8n76uhazqt4rgy70y4drmqwh5espqwx89f9,Binance,2026-05-11T05:15:20.811906+00:00,7a6f0efadab1d6d72badad8cf75cff1db53357f66c86786c2a679058ca92c3c8,https://blockchain.watch/entities/binance
3787544,BTC,Bitcoin,bc1qm34lsc65zpw79lxes69zkqmk6ee3ewf0j77s3h,3NRM9fzkFA8NySyMJ5SWSWsDjN1Fu9EwkX,Binance,2026-05-11T05:15:20.718702+00:00,a3fdb6d6a1db24581a104c372a1b040ee77c59dfda62d1fe5846787176bdb306,https://blockchain.watch/entities/binance
627943,BTC,Bitcoin,bc1q9rvnz5ufy87e5jzw7htmpdueveg9ad8swug8zg,bc1qm34lsc65zpw79lxes69zkqmk6ee3ewf0j77s3h,Binance,2026-05-11T05:15:20.143023+00:00,1f916350e47442dc43cbb67bf998831c150fc2436cfb04b07509ba2a02f2f5db,https://blockchain.watch/entities/binance
595004,ETH,Ethereum,0xeae7380dd4cef6fbd1144f49e4d1e6964258a4f4,0x28c6c06298d514db089934071355e5743bf21d60,Binance,2026-05-11T05:00:37.307959+00:00,0x5044adb5e3c67664e1d2ab96ee16447532a35bd894bdc02f806816904cec7e7e,https://blockchain.watch/entities/binance
853193,BTC,Bitcoin,1GrwDkr33gT6LuumniYjKEGjTLhsL5kmqC,12XZMdaAGmcHf4ocFSqpd8jFd1WH7RHUPs,,2026-05-11T05:00:36.068639+00:00,da89f12086d3b517b10d1ba3660c6f57835ff1f6fd59e436cc0c7e83241958fd,https://blockchain.watch/alerts
2575333,BTC,Bitcoin,bc1qm34lsc65zpw79lxes69zkqmk6ee3ewf0j77s3h,bc1qesrvsn8g7ln6rmtru5kmuve4cma37r9gsrd78w,Binance,2026-05-11T05:00:21.965489+00:00,a9a98bddee2aba2051f8e0b156f3a162fb9e6983f5daa4294be2ac74637f8390,https://blockchain.watch/entities/binance
1003673,BTC,Bitcoin,bc1qm34lsc65zpw79lxes69zkqmk6ee3ewf0j77s3h,bc1qesrvsn8g7ln6rmtru5kmuve4cma37r9gsrd78w,Binance,2026-05-11T05:00:21.36104+00:00,4f83293874ff4d8e9492695446a14e945d98771f509f46a7ee8a28ad81386f2b,https://blockchain.watch/entities/binance
1289050,BTC,Bitcoin,12XZMdaAGmcHf4ocFSqpd8jFd1WH7RHUPs,1DLeNApsHNNzUMNZJVoXeyEY5sdp8vzx3w,,2026-05-11T04:45:36.548612+00:00,97ba3b617326f78532617df22be9f3d561d97a37c6bab545eb8657c644784be5,https://blockchain.watch/alerts
39087822,BTC,Bitcoin,1KbDEg1tDz2ErYgaDbaDhhawnLrSQFaFx5,bc1qm34lsc65zpw79lxes69zkqmk6ee3ewf0j77s3h,Binance,2026-05-11T04:45:22.875499+00:00,edad7cf81b45f7a03bd0fbec64f7a17be92c41184bb195af2b89e72a5b1b529e,https://blockchain.watch/entities/binance
3138826,BTC,Bitcoin,bc1qm34lsc65zpw79lxes69zkqmk6ee3ewf0j77s3h,bc1qffya0kc6j6wem89t3h2e47vh7rhlh354a06d8q,Binance,2026-05-11T04:45:22.796564+00:00,d8f715856426187d00dd199b1d8d5133b1612fb8791843f821ebb77f4d7e73ea,https://blockchain.watch/entities/binance
3407418,BTC,Bitcoin,bc1qm34lsc65zpw79lxes69zkqmk6ee3ewf0j77s3h,bc1qj6y554ch5jsg59wd4st75k65a0p3ltkk707ewk,Binance,2026-05-11T04:45:22.277447+00:00,1f8759449481b7cb895330cd08d168e05241c4755f6814000ebec6643ae277a1,https://blockchain.watch/entities/binance
619870,ETH,Ethereum,0xed89da9dd83a0d703991ee833969489278b260e7,0x28c6c06298d514db089934071355e5743bf21d60,Binance,2026-05-11T04:30:40.023937+00:00,0x027be49cfe6276b98cd6df340663f3ed360721912d263441a9d1ab110942a5c0,https://blockchain.watch/entities/binance
3957470,ETH,Ethereum,0xbd9f00b37957ada869f802d1d6a0c0c4c4ea54ed,0x28c6c06298d514db089934071355e5743bf21d60,Binance,2026-05-11T04:30:39.722962+00:00,0x3a1978dad774d45ffe53f1cc23ac57ef5b499485fee4607b244ac1f3f0c96996,https://blockchain.watch/entities/binance
6835519,BTC,Bitcoin,bc1p5tcydyl8d8lppncqpg5euwrrjmv0kwssl57w3u4gk44cxcmkq0vs2xvlzt,bc1qhp4h2jenhhgewpjua23v2ggcktvu8hn2ndcmg2,,2026-05-11T04:30:38.561526+00:00,4a71954e51fe330fab47d0082a1cf893452e5d252fc2137e1d14b1b7b9cbbb2b,https://blockchain.watch/alerts
3752642,BTC,Bitcoin,bc1qe73xw0nmvn695vh8rnkge0f753cy7rezw8sz32,bc1qjhqztgk0k2l35r6tfv9fw7y3q4r6yh3x6c9l8j,,2026-05-11T04:30:38.32899+00:00,5d8272855b8922c1efa3f60174ab168ce7b156727c5b66dfa5ab54b4e6fdeeff,https://blockchain.watch/alerts
11129577,BTC,Bitcoin,1KNm4K8GUK8sMoxc2Z3zU8Uv5FDVjrA72p,1AfYV3QM4gyiEzuwQPKcinoPR2R6UsPXxG,,2026-05-11T04:30:37.359396+00:00,7c4a4d46553d8b64f23b62fca20738ab3616f1d164d0782e21f895530b877545,https://blockchain.watch/alerts
863797,BTC,Bitcoin,3JZ3byZy7TTrfy8zdxrm9iqJrdsaZ5CrNw,bc1qr4dl5wa7kl8yu792dceg9z5knl2gkn220lk7a9,Kraken,2026-05-11T04:30:30.318048+00:00,8391532ae4f1a8e99d9237aba218eab542288158fc72128498f926c609bbca93,https://blockchain.watch/entities/kraken
503247,BTC,Bitcoin,bc1qm34lsc65zpw79lxes69zkqmk6ee3ewf0j77s3h,bc1qh64sr9y0gwn2zkljyc3hp5n9wkwy42mkr07zsf,Binance,2026-05-11T04:30:22.677397+00:00,2dff309c8161af0905d4e7a16e4b12f8d4b56b81b5240c3e7613462e0f165903,https://blockchain.watch/entities/binance
3405541,BTC,Bitcoin,bc1qm34lsc65zpw79lxes69zkqmk6ee3ewf0j77s3h,bc1qq288tyzc9kgsl8pcj56adpuk6xsvyyy9l6zaq6,Binance,2026-05-11T04:30:22.499362+00:00,bf84bd9d540509921bf6cfdd5d4e97a4e62893e3d81ec9d5f85a71e509838b30,https://blockchain.watch/entities/binance
909473,BTC,Bitcoin,bc1qm34lsc65zpw79lxes69zkqmk6ee3ewf0j77s3h,bc1qn8drtl46cu7rda34vz9nexcfxfq77vdp9murx4,Binance,2026-05-11T04:30:22.271664+00:00,1ee98d26765e1c25f1c4d5965e42156b5ec168acb4d2511dc3dde606674fbcc4,https://blockchain.watch/entities/binance
1514142,BTC,Bitcoin,bc1qm34lsc65zpw79lxes69zkqmk6ee3ewf0j77s3h,1NBYWqtQvWmT7hzEB11XyGjHp4G177AVgz,Binance,2026-05-11T04:30:21.334557+00:00,dc4eb1a721cc8a72a4a384548b302097b03909841a8ee8b67ba1c427a038b6f6,https://blockchain.watch/entities/binance
929875,ETH,Ethereum,0xe02cff66139fdbf60a7e05f7ce82ca657540ad6f,0xa9d1e08c7793af67e9d92fe308d5697fb81d3e43,Coinbase,2026-05-11T04:30:09.250288+00:00,0x4ccf6e16006031608fbac82c0b84b9cf382cd3e142afd5dfd0d191a1afa7b212,https://blockchain.watch/entities/coinbase
1077316,BTC,Bitcoin,bc1q7cyrfmck2ffu2ud3rn5l5a8yv6f0chkp0zpemf,bc1qer8pjpxv5fx227jhdjuw7j9la6pmlklvn78fww,,2026-05-11T04:15:35.704766+00:00,c5caeb3479ab631820b49820af65b2d5bfd2e184d7623b7b25fde3aeb7c0d7e6,https://blockchain.watch/alerts
1351507,BTC,Bitcoin,12XZMdaAGmcHf4ocFSqpd8jFd1WH7RHUPs,1MVG5a32pzBR4r5dMd8mAucDo3vhFMtSvo,,2026-05-11T04:15:35.206645+00:00,13b0a344cbca9a0cc7f6435af757cdda949e8f28648a55412b0c50f69b732e5e,https://blockchain.watch/alerts
1739889,BTC,Bitcoin,bc1qgcgc5f0f5fth60ycqh6ufdehdds39cc3rajs5j,bc1qm34lsc65zpw79lxes69zkqmk6ee3ewf0j77s3h,Binance,2026-05-11T04:15:21.099545+00:00,b6452f77a0a1b7ddebe73a5ba9c6f4f931d96b111694427fcb9252e14b76fc62,https://blockchain.watch/entities/binance
2552335,BTC,Bitcoin,bc1qm34lsc65zpw79lxes69zkqmk6ee3ewf0j77s3h,38RB6AuNgLjPyJqt92wJXoas7ZMYq12gHR,Binance,2026-05-11T04:15:20.981117+00:00,48644239044440002b975860400478533019108abc14a508c4e9ea851f63d94e,https://blockchain.watch/entities/binance
651121,BTC,Bitcoin,bc1qm34lsc65zpw79lxes69zkqmk6ee3ewf0j77s3h,bc1qrc4z4pmlvu0rzdkv40xdye0dq2u0sugqphfnju,Binance,2026-05-11T04:15:20.868256+00:00,0a1188c76a0dceb396c92ce531b4960eb6e923e5db8867830cbc1bb0e8fc15b4,https://blockchain.watch/entities/binance
757845,BTC,Bitcoin,bc1qm34lsc65zpw79lxes69zkqmk6ee3ewf0j77s3h,bc1qy90haqltc2uuusn532elujeeyw6en6d4dv239d,Binance,2026-05-11T04:15:20.765418+00:00,0d53775473cd239a6497539396b20b03587aea8a8b071cf33b868f7382afaa48,https://blockchain.watch/entities/binance
12748563,BTC,Bitcoin,bc1qm34lsc65zpw79lxes69zkqmk6ee3ewf0j77s3h,15DomY3arDPw5jD658Mbf3AY3wT3YCDmW2,Binance,2026-05-11T04:15:20.144822+00:00,e02c3235f59ff06ed0e8e8c411ce08e6de7aedb02afd9c5016b8b3648b811af2,https://blockchain.watch/entities/binance
698769,ETH,Ethereum,0x22c6687088d6b856791f3c3929852d05bef85754,0x477b8d5ef7c2c42db84deb555419cd817c336b6f,,2026-05-11T04:00:39.736525+00:00,0x49ed98938efdc6e71c885dd9b296015ce90407c7e3be4591440e12b778badd27,https://blockchain.watch/alerts
807158,BTC,Bitcoin,3FKmw5H4zRrPwnrFFPTPEsWh5P8Rv88oc3,3BAUNiakGJt6w4PERGrU7d2jdbjjDp5keW,,2026-05-11T04:00:38.894556+00:00,14b0ae6bb41d1da31ea75aeffae133322a6525ca3491a7c4c09e52ab26a37908,https://blockchain.watch/alerts
854921,BTC,Bitcoin,1GrwDkr33gT6LuumniYjKEGjTLhsL5kmqC,1DLeNApsHNNzUMNZJVoXeyEY5sdp8vzx3w,,2026-05-11T04:00:38.467974+00:00,23e6809490e46b61ec133e22f28d3ed913da66b415cc20433dd632ea19621d11,https://blockchain.watch/alerts
521382,BTC,Bitcoin,bc1qpfsckufdjx9mrwjekumu9gmmgr24wd682nhj2awwg8gg6hmc9husfdp68p,bc1qdqudqnhd64yfzk5ak4env77v96a5vfseff3phg,,2026-05-11T04:00:38.398589+00:00,5602843344b43ff99928fc323a79ea6404576e6f5189023da3310ea03d80b836,https://blockchain.watch/alerts
8023154,BTC,Bitcoin,bc1qm34lsc65zpw79lxes69zkqmk6ee3ewf0j77s3h,bc1qlccksaaehjkdv4tgf032pvx8n76uhazqt4rgy70y4drmqwh5espqwx89f9,Binance,2026-05-11T04:00:23.006612+00:00,6578372e343860285bf293dcaeffca3ffe499ebafae45c8491cbefc2a660f134,https://blockchain.watch/entities/binance
4084586,BTC,Bitcoin,1P8hzUnQn1VYbDwsGkNmbiHXLJWS6v9JEs,bc1qzuqtfcrla3t7srndxtugrjd6ycjlgcyxflrfqk,,2026-05-11T03:45:37.949055+00:00,ee9ae5bfcc3b5897139b6e7e7fbbf2257191bd460317096ff8e52cce70b9c3b3,https://blockchain.watch/alerts
518148,BTC,Bitcoin,32hK628jM4j1xLRQzJuvLsBhmBxKeVSdgN,bc1qr4dl5wa7kl8yu792dceg9z5knl2gkn220lk7a9,Kraken,2026-05-11T03:45:29.164101+00:00,314e4a22a59f2eb674f953a843a34b0c63d8c2d174a528effaa2cc58eb1223c0,https://blockchain.watch/entities/kraken
808499,BTC,Bitcoin,bc1qm34lsc65zpw79lxes69zkqmk6ee3ewf0j77s3h,32BiAuYDvvLQx6Rtq3PKztaFEfnbCh5Q4C,Binance,2026-05-11T03:45:21.516542+00:00,4af8d33eb6711300ed59855bd83e60c60e92c2f1e8cfdb51594f1bdedcbda3c1,https://blockchain.watch/entities/binance
9627491,BTC,Bitcoin,bc1qm34lsc65zpw79lxes69zkqmk6ee3ewf0j77s3h,37fmj4iG1fpbozarbpdCvawmMTAm91AaqX,Binance,2026-05-11T03:45:20.916804+00:00,a0d2ce42e5c0359e656681fa49d090715f3c0259798c06ed845de82439efb91d,https://blockchain.watch/entities/binance
7595964,BTC,Bitcoin,bc1qm34lsc65zpw79lxes69zkqmk6ee3ewf0j77s3h,bc1p2mlwrss9tmvtfvu0tcxul2h0w67ej8vyjpj3ksctt67vd9r752ksqx6uqm,Binance,2026-05-11T03:30:29.577956+00:00,3e860330a7e742480bd0dae9ded49f5a8a19910c551c20b90e1f0c7047fa9cbe,https://blockchain.watch/entities/binance
799807,BTC,Bitcoin,bc1qm34lsc65zpw79lxes69zkqmk6ee3ewf0j77s3h,1Hy7Co4b7UCrL2F4Fby8aa73UiNHnwLWa1,Binance,2026-05-11T03:30:29.476377+00:00,1afd7d56b7c58501cfc47da33323bd7fb669428f00e8edb0d2e0ab3f8b214275,https://blockchain.watch/entities/binance
7984228,ETH,Ethereum,0xeae7380dd4cef6fbd1144f49e4d1e6964258a4f4,0x28c6c06298d514db089934071355e5743bf21d60,Binance,2026-05-11T03:30:08.738777+00:00,0x6d7698c675af448245b4a20d7285fdbc7dd1ce782c62497efe6b736da3a0c9da,https://blockchain.watch/entities/binance
520301,BTC,Bitcoin,bc1qryhgpmfv03qjhhp2dj8nw8g4ewg08jzmgy3cyx,bc1qjlce0tspayxxe80j60p7dr6g3nhuvumzydrjx4,,2026-05-11T03:15:36.947135+00:00,103b6fdc033b2e7a2053c3666d6ae7876ccd592412a4982580c755bdbaa2e20b,https://blockchain.watch/alerts
20883277,BTC,Bitcoin,324H9uyTV9bPgAVgmdJNxPKKKZmowk5CYq,1KbDEg1tDz2ErYgaDbaDhhawnLrSQFaFx5,,2026-05-11T03:15:36.211769+00:00,4b840051f4d6b8767a9362bcf31db28a6d0cf4f961c88f113024be8e29267428,https://blockchain.watch/alerts
649005,BTC,Bitcoin,bc1qryhgpmfv03qjhhp2dj8nw8g4ewg08jzmgy3cyx,1HBoQ8GX3BF1F8kVvAMouZdoZrALiEi3HE,,2026-05-11T03:00:38.080379+00:00,b99dae99450fec4832e1bfcc69e5fa20076b987f1d9f74a354a9bbb1c6422a91,https://blockchain.watch/alerts
575361,BTC,Bitcoin,bc1qryhgpmfv03qjhhp2dj8nw8g4ewg08jzmgy3cyx,bc1qqa3spcdr7jx4s24k5frnrsm0trqtdfy5tds3mr,,2026-05-11T03:00:37.950418+00:00,00efc20d60a1dcc2ef2b464ab2c1309d0a2978957e7f51a897bead195a1e815e,https://blockchain.watch/alerts
522262,BTC,Bitcoin,bc1qryhgpmfv03qjhhp2dj8nw8g4ewg08jzmgy3cyx,bc1q7nf9up8mnc7vuta4gupe24chwqelez8htg5k3aj5cuy3vay7w24q9dwn8e,,2026-05-11T03:00:37.813866+00:00,3aa1df2a16eb8c06c9989813a5dbb34433ceb4a9f14eb4a534e5cfcb7bf92e2e,https://blockchain.watch/alerts
1257704,BTC,Bitcoin,bc1qtr65yjgtm64q7pehjytf7vvgwqqm0r9s3d9e4xx6t2vj6dxt9y2sgfzlaf,bc1qx3mqz7gs3qnlf7zrup6665v444wem0npfz4jgknkwwpdfpwf49vq9rczfk,,2026-05-11T03:00:37.720547+00:00,a6211be2d733563e0a2121d22520f8dd092b2f51f5d317755755fb09fbedb609,https://blockchain.watch/alerts
2435967,BTC,Bitcoin,3HAmBUqKTgxS6VuECrkFCAGtUSSyLa6uqr,3FKmw5H4zRrPwnrFFPTPEsWh5P8Rv88oc3,,2026-05-11T03:00:37.466287+00:00,b595f428d719a542c2773f0d8f47d7208c3c6540f44c83387f2bda9d7a899c6b,https://blockchain.watch/alerts
1948714,BTC,Bitcoin,bc1qm34lsc65zpw79lxes69zkqmk6ee3ewf0j77s3h,bc1qs5ykq94wm2ynxuhflh652fe78d76yxn2r22lp5,Binance,2026-05-11T03:00:22.108799+00:00,1b71389c732f4a69878e52ab9d8cc128913c316e564f11e1854e60b5a6b0fca8,https://blockchain.watch/entities/binance
744448,BTC,Bitcoin,bc1qm34lsc65zpw79lxes69zkqmk6ee3ewf0j77s3h,14bApZmvwNkrzaBdegpUF5hqHw19ormev2,Binance,2026-05-11T03:00:21.989898+00:00,7e894688e6bf8e2ef2a4b85c7c0526ce5d3d6b775d6ed02f1c0a8ba37be2f8f2,https://blockchain.watch/entities/binance
855100,BTC,Bitcoin,bc1qm34lsc65zpw79lxes69zkqmk6ee3ewf0j77s3h,18M8A4KesqcNREpzjo8hLTeRGvAr7RoUfr,Binance,2026-05-11T03:00:21.82506+00:00,d36120ee72290bfce75fb7cc8d0f741a0a0191ebcd211721c7f425b91e256d67,https://blockchain.watch/entities/binance
646443,BTC,Bitcoin,bc1qm34lsc65zpw79lxes69zkqmk6ee3ewf0j77s3h,bc1qxh7s8q88f2ncnh02cv8w2xx3rhh4x03l4nq4m0,Binance,2026-05-11T02:45:26.665209+00:00,03d0b18c23780c858113bfd8ef785ed853b7803861b38e5b60dc33f1f700d38c,https://blockchain.watch/entities/binance
4734405,BTC,Bitcoin,18bYvustaVxkxA5wbh9D9adM4vGDCsB3Hd,bc1qm34lsc65zpw79lxes69zkqmk6ee3ewf0j77s3h,Binance,2026-05-11T02:45:26.577849+00:00,9f6e4b01a86c1196176ddc8c4cf6e337307bf9d291e1a3585cce2cc3bbd91820,https://blockchain.watch/entities/binance
7996281,BTC,Bitcoin,1Ld9pJoHNPhDGNHLLbH6MYqnTTiqnGMcG,bc1qm34lsc65zpw79lxes69zkqmk6ee3ewf0j77s3h,Binance,2026-05-11T02:45:26.495836+00:00,950c59ddc042c1e677e22a84f28d923242bfc6f8058529cf5ec30e3312407487,https://blockchain.watch/entities/binance
7414820,BTC,Bitcoin,1MX8WG25LbH6EgubQWmVjWwzUsoEsLHHkH,bc1qm34lsc65zpw79lxes69zkqmk6ee3ewf0j77s3h,Binance,2026-05-11T02:45:26.299875+00:00,d93843c1d65ef267734516a0f102b62bf76d5c3b5b83bfcb738fbb1a08c2482a,https://blockchain.watch/entities/binance
7974867,BTC,Bitcoin,1PeVQnGw7JKhzqBxDE8vKJSFLpjqsBZKeX,bc1qm34lsc65zpw79lxes69zkqmk6ee3ewf0j77s3h,Binance,2026-05-11T02:45:26.05203+00:00,17e7b6d3a803e6e3d8c7ee61e401d9577fc68968cdd009969ded2c4111287b02,https://blockchain.watch/entities/binance
8347405,BTC,Bitcoin,1KbDEg1tDz2ErYgaDbaDhhawnLrSQFaFx5,bc1qm34lsc65zpw79lxes69zkqmk6ee3ewf0j77s3h,Binance,2026-05-11T02:45:25.874781+00:00,4565631dc678a951d991789b7dc38c1f4a26ef32781b22bb75e616b212e0ee37,https://blockchain.watch/entities/binance
7620994,BTC,Bitcoin,bc1qm34lsc65zpw79lxes69zkqmk6ee3ewf0j77s3h,bc1q0dzpfwp7238kgtak46plh9n6ucya72stz4al5w,Binance,2026-05-11T02:45:25.614939+00:00,7771faa8ca05d325f0ce1be2ff0fb6e2f77ecdbab5107e88944002afee6a5a11,https://blockchain.watch/entities/binance
2529630,BTC,Bitcoin,bc1qm34lsc65zpw79lxes69zkqmk6ee3ewf0j77s3h,168BveijMCEZPSbVQL6jAQNoAZd39996P4,Binance,2026-05-11T02:45:24.56413+00:00,b8e81dd6addb186cfab5b27c95d73f8c89e57427ef55e36f8f5cdf0c64159126,https://blockchain.watch/entities/binance
4080104,BTC,Bitcoin,bc1q5xrfy4phej0vafc5mge4d0wgnpq5fck8vh852s,bc1qh5gfjn9lzgsznpm74h0rtw5juhcnym4yxfs87m,,2026-05-11T02:30:35.724432+00:00,75870ffed27dfc238860edde86e9612adef4109ac3624e7178dd1914a36608c9,https://blockchain.watch/alerts
587932,BTC,Bitcoin,bc1qrt7rkpswpgmcag7txzf6ps9mvepwgndshqdx6d,12wE2rb7m2JJhVaCDG9xYEazTxRiTNnAby,,2026-05-11T02:30:35.246965+00:00,7c752591d0d7c20747b659933755475ef3e7a928d1c1c12bee524a6fc0660bb8,https://blockchain.watch/alerts
577019,BTC,Bitcoin,bc1qryhgpmfv03qjhhp2dj8nw8g4ewg08jzmgy3cyx,3FhbPsbLw32SJdgVgXn7eC2dKqs5caMpVH,,2026-05-11T02:15:39.71033+00:00,c9c3645bda69d8cc20377f1c6fd84c10caa23c6aad02ea61920105a4df3cc83e,https://blockchain.watch/alerts
2841235,BTC,Bitcoin,bc1p0jj3rnmwzw9tpm48zdptesx5dhxzqkm7qs3yu9t4hpu84hdfjz9sudzv3s,bc1q7ltgm8h9ektnt98k5rt6furd9qxfq2dr8uhrwll75tsm8e0za46sqxhrsy,,2026-05-11T02:15:39.626904+00:00,51595d6cf8c3a96487d41a9982a43734b316fe15b4059bbec1264c7efee47910,https://blockchain.watch/alerts
869635,BTC,Bitcoin,12XZMdaAGmcHf4ocFSqpd8jFd1WH7RHUPs,1GrwDkr33gT6LuumniYjKEGjTLhsL5kmqC,,2026-05-11T02:15:39.2262+00:00,e7809c72af7dcf063832a60b36273b875763ab7160f6dfa37b0a9be1ae443134,https://blockchain.watch/alerts
2397422,BTC,Bitcoin,3JZ3byZy7TTrfy8zdxrm9iqJrdsaZ5CrNw,bc1qr4dl5wa7kl8yu792dceg9z5knl2gkn220lk7a9,Kraken,2026-05-11T02:15:31.09426+00:00,73580ad4d2fb992593133d0c5b4a019b0b5004b35b36273932a398aaf201f985,https://blockchain.watch/entities/kraken
700094,ETH,Ethereum,0xeae7380dd4cef6fbd1144f49e4d1e6964258a4f4,0x28c6c06298d514db089934071355e5743bf21d60,Binance,2026-05-11T02:00:42.520212+00:00,0x93d58713217d728e6accd45a8e45d113f5ce67d9a565f03637283e38000cb917,https://blockchain.watch/entities/binance
707165,ETH,Ethereum,0xbc46e2aed3d84480f6ed49e54aa9a4360f24aaea,0x28c6c06298d514db089934071355e5743bf21d60,Binance,2026-05-11T02:00:42.203918+00:00,0xb77407bef338edba9869dcab8280005fd5d7e00f8e1266da807853159aace3a1,https://blockchain.watch/entities/binance
1154690,BTC,Bitcoin,3JZ3byZy7TTrfy8zdxrm9iqJrdsaZ5CrNw,bc1qr4dl5wa7kl8yu792dceg9z5knl2gkn220lk7a9,Kraken,2026-05-11T02:00:32.649429+00:00,37dc9ada4785650d5e8fd9bc3bb0abc3edfcb18266d59ca7789ad009c612ff87,https://blockchain.watch/entities/kraken
867632,BTC,Bitcoin,bc1qm34lsc65zpw79lxes69zkqmk6ee3ewf0j77s3h,1CUc91bnDt9xfDfQGkzieASWbZYTsvdKEa,Binance,2026-05-11T02:00:22.235313+00:00,32da95533a4633f9f1a5dacf72485e22fc2488988066f2f8c28b8c61d4f80553,https://blockchain.watch/entities/binance
733526,BTC,Bitcoin,bc1qm34lsc65zpw79lxes69zkqmk6ee3ewf0j77s3h,bc1qasulg4putw8ddn7ls0elr2v405r8z5060zr6wt,Binance,2026-05-11T02:00:22.124221+00:00,e01f55b708cb3b01dc665314a16c64ccf0afa14bd7803624ae73a2af2a5adaa2,https://blockchain.watch/entities/binance
3710395,BTC,Bitcoin,bc1qm34lsc65zpw79lxes69zkqmk6ee3ewf0j77s3h,1CUc91bnDt9xfDfQGkzieASWbZYTsvdKEa,Binance,2026-05-11T02:00:21.969304+00:00,9434ceff1400a62441fe19dd6c5f94a927dc1a41523c1c356b2a3292f2869850,https://blockchain.watch/entities/binance
566505,BTC,Bitcoin,bc1qw4kpkf3lcw2v9xnxmsm596v8kdnrv0gscwda5g,144Gw1SMpJepfziSkwkZpW4EERtydN2wSr,,2026-05-11T01:45:34.862299+00:00,367cd5dc524fee45ca577f6c624e663d0593186c702ff23912c1fd1bdcf8ea9b,https://blockchain.watch/alerts
1560824,BTC,Bitcoin,bc1qm34lsc65zpw79lxes69zkqmk6ee3ewf0j77s3h,bc1qvt6cyuceh7nhjysweqv07hdrdx79p3a8pd66ewv6krywpmg67pgs5l9rjq,Binance,2026-05-11T01:45:21.125889+00:00,ffed5d7ac6188f0bf06eefa21c061626d8d6a6876869196245a7d61603b29bc9,https://blockchain.watch/entities/binance
7723718,BTC,Bitcoin,bc1qm34lsc65zpw79lxes69zkqmk6ee3ewf0j77s3h,1JJ5NPcrKfQfeGH94QYKXQv4Tbo6uYURYg,Binance,2026-05-11T01:45:20.305022+00:00,614b35ebd69ea298bed9152f9a793c8e2b6d475e9417015b0ba9b6936fb3713c,https://blockchain.watch/entities/binance
11400305,BTC,Bitcoin,1KNm4K8GUK8sMoxc2Z3zU8Uv5FDVjrA72p,1PeVQnGw7JKhzqBxDE8vKJSFLpjqsBZKeX,,2026-05-11T01:30:34.951781+00:00,d4bf6a43c3a31e70e37bff60349aff4ad845b47631fab2cff3b0bd0fb49a7199,https://blockchain.watch/alerts
866764,BTC,Bitcoin,bc1pdwu79dady576y3fupmm82m3g7p2p9f6hgyeqy0tdg7ztxg7xrayqlkl8j9,bc1qgjnch7nn6lmkrhhxzwkwmlcvgtgpfh803llcja,,2026-05-11T01:30:34.866556+00:00,f52cea9f13d66891d71cbf527057b7de40cd0a66d9d0a5e454f87c473b283911,https://blockchain.watch/alerts
1080883,BTC,Bitcoin,bc1qhh9qq78l3dd5dnnu0xqlsv9nljem43xe7cl3h4,bc1qw4kpkf3lcw2v9xnxmsm596v8kdnrv0gscwda5g,,2026-05-11T01:30:34.787826+00:00,61ce379fa047933d66d45d569361d874777662a64d019ee80598616b4d46b3f3,https://blockchain.watch/alerts
1899258,BTC,Bitcoin,3JZ3byZy7TTrfy8zdxrm9iqJrdsaZ5CrNw,bc1qr4dl5wa7kl8yu792dceg9z5knl2gkn220lk7a9,Kraken,2026-05-11T01:30:28.440465+00:00,66f604b56d19d8b5d6ec9132a8728b32324ce9b5e18dfd69525348f528e86bff,https://blockchain.watch/entities/kraken
7692480,BTC,Bitcoin,bc1qm34lsc65zpw79lxes69zkqmk6ee3ewf0j77s3h,35JADdK3H2LqPR5WBjKEbLo4P1AeytfFbG,Binance,2026-05-11T01:30:21.430226+00:00,fa971a9e21cf6e6215adc0e7fbd8affc5dfe95d4bdaff4ecc37b6afaca2514b4,https://blockchain.watch/entities/binance
2086006,BTC,Bitcoin,bc1qm34lsc65zpw79lxes69zkqmk6ee3ewf0j77s3h,bc1qrpfhcpevmp6e8gw5yzsaca37nz84q2xjl8g7t6,Binance,2026-05-11T01:30:21.317167+00:00,7c89d839e96e83bbdfa6d46368a4e5905d5089ee4689c6e9db8b1df4b3e46d13,https://blockchain.watch/entities/binance
1108845,BTC,Bitcoin,bc1q9wvygkq7h9xgcp59mc6ghzczrqlgrj9k3ey9tz,bc1qrt7rkpswpgmcag7txzf6ps9mvepwgndshqdx6d,,2026-05-11T01:15:41.659447+00:00,25c0cd06ec73ad309e836b127087853f2cc0f78a1ad05633cbb2082181eb44ce,https://blockchain.watch/alerts
2853719,BTC,Bitcoin,15DomY3arDPw5jD658Mbf3AY3wT3YCDmW2,1C9EvG9fv5vSSFwh2QW4dnWuSLyDm5kuME,,2026-05-11T01:15:41.598439+00:00,f6d60e702919e8ac098e365bd94b454c513984adf1a52f4a77483de2e8d807c4,https://blockchain.watch/alerts
851732,BTC,Bitcoin,bc1pq2a8fcrr6d6n8rpu3ajq2p2wpvw3zdkcdkt6fpn8me5z6m6j5umq6nz54c,bc1pdwu79dady576y3fupmm82m3g7p2p9f6hgyeqy0tdg7ztxg7xrayqlkl8j9,,2026-05-11T01:15:41.197519+00:00,a044e38f6b984bc667a3b5833aae19e77c9ca07b0fe28ee2b6d3cc49cd458d21,https://blockchain.watch/alerts
3025868,BTC,Bitcoin,bc1qgcgc5f0f5fth60ycqh6ufdehdds39cc3rajs5j,bc1qm34lsc65zpw79lxes69zkqmk6ee3ewf0j77s3h,Binance,2026-05-11T01:15:24.56227+00:00,831cbf1d9bcb088d3628c4ada08ce4c1ff62b23aa25b81f38141f74cfc7d9cda,https://blockchain.watch/entities/binance
1533866,BTC,Bitcoin,bc1qm34lsc65zpw79lxes69zkqmk6ee3ewf0j77s3h,1Hy7Co4b7UCrL2F4Fby8aa73UiNHnwLWa1,Binance,2026-05-11T01:15:24.417191+00:00,7b6a79dc7c687a0b70000a0d435aebcfb524764134640bece28176aa8d53521f,https://blockchain.watch/entities/binance
3593675,BTC,Bitcoin,bc1qm34lsc65zpw79lxes69zkqmk6ee3ewf0j77s3h,37fmj4iG1fpbozarbpdCvawmMTAm91AaqX,Binance,2026-05-11T01:15:24.318616+00:00,b1076b2fc52594dfce813723269511423d9218d1c945c1768343a5b7b965a5fd,https://blockchain.watch/entities/binance
4067558,BTC,Bitcoin,bc1qm34lsc65zpw79lxes69zkqmk6ee3ewf0j77s3h,bc1q53xscd52nrj2cs24capxwz3jlj8ekwfcxju8l7wepqqxhqqg8vpq7t3jyg,Binance,2026-05-11T01:15:23.656955+00:00,bf5c4bbc1276b5fd73146e174b0d791907ef8601a2d9a0e1a18078b766430e7f,https://blockchain.watch/entities/binance
6469133,BTC,Bitcoin,bc1qrh86kwv9xjav65l4fk3f8gsj5kln92wu5swxf4,bc1qk98w7cu7t7dakgnt4nlpct6ztchtq4wrkr0ucx,,2026-05-11T01:00:39.052383+00:00,90a7acd6c1e272c8a847a2cb465f35e0d12b9a47cd15420c9384b9b573176080,https://blockchain.watch/alerts
749878,BTC,Bitcoin,bc1q7cyrfmck2ffu2ud3rn5l5a8yv6f0chkp0zpemf,bc1q8vpvatnms8xlhm9j7a5q5tzycwujtmnz52csd8,,2026-05-11T01:00:38.904217+00:00,58bf7f78cd56975cdc9764c55545f460257b0917a1f73e26e04a7c0f787e832b,https://blockchain.watch/alerts
3945911,BTC,Bitcoin,bc1qm34lsc65zpw79lxes69zkqmk6ee3ewf0j77s3h,bc1qy0y6ze3tf7h4llaqn5d8w0adj66shna4lq4rnw,Binance,2026-05-11T01:00:24.621154+00:00,68ec88b7f318269e84bdbc4971f06d44d133ab45a73cf389f6cc27bb0bdb363a,https://blockchain.watch/entities/binance
4054652,BTC,Bitcoin,bc1qm34lsc65zpw79lxes69zkqmk6ee3ewf0j77s3h,bc1qjqsf76pxgpcgrpnfycccudd5qeghg85fxhpdy4,Binance,2026-05-11T01:00:24.539026+00:00,30e194b72d8efe76482bc0befe33dc3651612b2303dff9eaf7b97ecf3683c413,https://blockchain.watch/entities/binance
894195,BTC,Bitcoin,bc1qm34lsc65zpw79lxes69zkqmk6ee3ewf0j77s3h,33n6rKYH8qdphXu1DTbaorD8mqVVSP3BxP,Binance,2026-05-11T01:00:24.403683+00:00,f9336eeffeba46e5379b036fa62d194e222d72eb2d8a11b9b88ce98ad80b4e83,https://blockchain.watch/entities/binance
4060391,BTC,Bitcoin,bc1qm34lsc65zpw79lxes69zkqmk6ee3ewf0j77s3h,bc1qt55ppgzlwyewyxjfnplhakes9k8qywx5m6d2hh,Binance,2026-05-11T01:00:24.211085+00:00,39c440cf50f284968e59c897e98e8dacf23189fea7071089fcdf3bfaa76e79db,https://blockchain.watch/entities/binance
4059334,BTC,Bitcoin,bc1qm34lsc65zpw79lxes69zkqmk6ee3ewf0j77s3h,bc1qfg6tkk42j9pjrwq9mac6zaeeudcs0u6cnhzw2a,Binance,2026-05-11T01:00:23.992762+00:00,e66910be5571fdee2e97c5308d0b23827fd7d8c2b20ae423df85312b230ebcfb,https://blockchain.watch/entities/binance
4059278,BTC,Bitcoin,bc1qm34lsc65zpw79lxes69zkqmk6ee3ewf0j77s3h,bc1q9fkcyg2pfwf53eyhl0zyzc92ng9hwcyksu0a33,Binance,2026-05-11T01:00:23.729333+00:00,74494b552e0ae171c4dc612bba15eefe7c8f04f944f0a0fd27e444ca71a926b0,https://blockchain.watch/entities/binance
4058754,BTC,Bitcoin,bc1qm34lsc65zpw79lxes69zkqmk6ee3ewf0j77s3h,bc1q24x04u73wpmphyk7dhpry0ad4uznrjqqcdquv3,Binance,2026-05-11T01:00:23.337881+00:00,4b6299e1d818ba1e76c823e17670cdec0d9d174effbd385932c64f8cde879977,https://blockchain.watch/entities/binance
730919,ETH,Ethereum,0xf2b8222e8ecb26e57b861798067fdb2cb5873547,0xa9d1e08c7793af67e9d92fe308d5697fb81d3e43,Coinbase,2026-05-11T01:00:11.062356+00:00,0x6f104fac0f36c4bd62c414f6bac526c48801712a567686777f7177f70342034d,https://blockchain.watch/entities/coinbase
8003332,BTC,Bitcoin,3JZ3byZy7TTrfy8zdxrm9iqJrdsaZ5CrNw,bc1qr4dl5wa7kl8yu792dceg9z5knl2gkn220lk7a9,Kraken,2026-05-11T00:45:29.725013+00:00,898ce4b54d9f95d17256b11baa2d2782c2aff15cc2b3ea7f8952a23a71352e33,https://blockchain.watch/entities/kraken
778424,BTC,Bitcoin,32hK628jM4j1xLRQzJuvLsBhmBxKeVSdgN,bc1qr4dl5wa7kl8yu792dceg9z5knl2gkn220lk7a9,Kraken,2026-05-11T00:45:29.651307+00:00,ff1910c64a5547721f33e6cf8dc93896e226fc3943431d266e66d82cf9ca1b66,https://blockchain.watch/entities/kraken
7386850,BTC,Bitcoin,1PeVQnGw7JKhzqBxDE8vKJSFLpjqsBZKeX,bc1qm34lsc65zpw79lxes69zkqmk6ee3ewf0j77s3h,Binance,2026-05-11T00:45:22.245425+00:00,6a874b175261d8331a3371f5585b609f22611eb0436118d38e06114cec16d16e,https://blockchain.watch/entities/binance
5697404,BTC,Bitcoin,1KbDEg1tDz2ErYgaDbaDhhawnLrSQFaFx5,bc1qm34lsc65zpw79lxes69zkqmk6ee3ewf0j77s3h,Binance,2026-05-11T00:45:22.115604+00:00,60b0bb9f87b61eb6452c3e56709fcab9bd7d02e80c7f84749b0712364493fcdf,https://blockchain.watch/entities/binance
6019237,BTC,Bitcoin,1QnD8raC4V1psQjP1pnjiPQ93LkTPuk4J,bc1qm34lsc65zpw79lxes69zkqmk6ee3ewf0j77s3h,Binance,2026-05-11T00:45:22.005583+00:00,cefbd22ce9d8d5bd7615cd08a6311000fa883d24b3debb09e21d2a4a589a44a3,https://blockchain.watch/entities/binance
7595977,BTC,Bitcoin,1MX8WG25LbH6EgubQWmVjWwzUsoEsLHHkH,bc1qm34lsc65zpw79lxes69zkqmk6ee3ewf0j77s3h,Binance,2026-05-11T00:45:21.869953+00:00,41496e7a5c98b8c1a23a23c1a542d939e8e18df2d80ebbe06a9e2b5b28f2ba1d,https://blockchain.watch/entities/binance
998766,BTC,Bitcoin,bc1qm34lsc65zpw79lxes69zkqmk6ee3ewf0j77s3h,bc1qxy26r9x0n7qrv4st0pezcfryta4lmcleap65jk,Binance,2026-05-11T00:45:21.733927+00:00,6f9a6f7dc6823fc4d3c00a007c414472859cd56eddcaf742928f893eb859da2d,https://blockchain.watch/entities/binance
809629,BTC,Bitcoin,bc1qm34lsc65zpw79lxes69zkqmk6ee3ewf0j77s3h,3FNFy3kgQE6YykaGy1zqmezRQGaC19t5w9,Binance,2026-05-11T00:45:21.1428+00:00,56d856b47011b91090390cf70fd36df0ce4d29e32f764208d03dbf554c7cb104,https://blockchain.watch/entities/binance
,BTC,Bitcoin,,,,2026-05-11T00:40:53.182944+00:00,,https://blockchain.watch/alerts
876628,BTC,Bitcoin,12XZMdaAGmcHf4ocFSqpd8jFd1WH7RHUPs,1DLeNApsHNNzUMNZJVoXeyEY5sdp8vzx3w,,2026-05-11T00:30:38.654388+00:00,2c333a66a0d8ee02e6d8a68629598dc1199ec46d5feb8e56226807ab0d6743d2,https://blockchain.watch/alerts
635184,BTC,Bitcoin,bc1q7cyrfmck2ffu2ud3rn5l5a8yv6f0chkp0zpemf,bc1qdld9p77ucauvnyvcktqgf49h7dxpkrnvrdw4y9,,2026-05-11T00:30:37.868859+00:00,22238feb69df6fb9e1660d2c876f48bbbd7f1f4259c2a83dd67ecbd6584cbbfc,https://blockchain.watch/alerts
552466,BTC,Bitcoin,bc1qm34lsc65zpw79lxes69zkqmk6ee3ewf0j77s3h,bc1qx6gzj6ljuttuy4gaequr6rpfwtp7hrmasch4zn,Binance,2026-05-11T00:30:23.415016+00:00,3b530b3866c6db03dd239e753a9b47ea1ebc363ff06dded766a05e1ae82824a4,https://blockchain.watch/entities/binance
2597384,BTC,Bitcoin,bc1qm34lsc65zpw79lxes69zkqmk6ee3ewf0j77s3h,32hK628jM4j1xLRQzJuvLsBhmBxKeVSdgN,Binance,2026-05-11T00:30:23.043092+00:00,e6b38834e5f0c5d46c40e448a5305ede3db8de6f4ebb6c541ee07c66f2f057eb,https://blockchain.watch/entities/binance
1389680,ETH,Ethereum,0x6cb6fd539ab1321c0ae0d4252a63edf2e388c5a4,0xa9d1e08c7793af67e9d92fe308d5697fb81d3e43,Coinbase,2026-05-11T00:30:10.048627+00:00,0xb43d8864f8c6e627bb656c632d2be6cddfd03169be5b44809a9e53ce25051a5f,https://blockchain.watch/entities/coinbase
2463302,BTC,Bitcoin,16MrRM5s4kGUBgK9CJbJGiH5dLQMMs84kU,3HAmBUqKTgxS6VuECrkFCAGtUSSyLa6uqr,,2026-05-11T00:15:37.404653+00:00,de085b9476fed5b0a0e7e8787c81d0ff19f2d94406e0d4779714b34a34efa5c8,https://blockchain.watch/alerts
1608365,BTC,Bitcoin,bc1qm34lsc65zpw79lxes69zkqmk6ee3ewf0j77s3h,3QsGLC82zk2MEHjsGruwx8CJDDwKM9XV38,Binance,2026-05-11T00:15:21.932805+00:00,6ac5fe2db5dfc35af4e49a260fcbc32fa2d9e0e82ad66ea414413950bba4cd1a,https://blockchain.watch/entities/binance
813113,BTC,Bitcoin,bc1qryhgpmfv03qjhhp2dj8nw8g4ewg08jzmgy3cyx,3ELfGcwhxWFonsHP16W6uQWr9B3qutyE7U,,2026-05-11T00:00:38.175893+00:00,aaeae08a334451dfb0690b7f5a21c16f320284571aacd60f15588caa72fff569,https://blockchain.watch/alerts
1176004,BTC,Bitcoin,bc1qryhgpmfv03qjhhp2dj8nw8g4ewg08jzmgy3cyx,bc1q8llprf8s3vhxrffjkmt9f3263qj8k55gqdjc64,,2026-05-11T00:00:38.09789+00:00,044018d640e3578989bf96f68cf44eaf041c77be017414771be27b8c1a1cb15a,https://blockchain.watch/alerts
1002532,BTC,Bitcoin,bc1qryhgpmfv03qjhhp2dj8nw8g4ewg08jzmgy3cyx,bc1qqayxnp9nqxljx9g694gwncntvgjqt7zg7jgdfx,,2026-05-11T00:00:38.007655+00:00,f9b87e2fdbadd1f7c6c92e0f7f9c9cdea99d5dd59b7b80d54f15c01685a54a5a,https://blockchain.watch/alerts
2030923,BTC,Bitcoin,bc1qryhgpmfv03qjhhp2dj8nw8g4ewg08jzmgy3cyx,bc1qrkeps53r7xl97l2pe9q3pqerfwwmduxe765vly,,2026-05-11T00:00:37.918557+00:00,c2684fb761257904b5979cb68b9d93e7de8d15b9674e8645a0a702e3f4dd0358,https://blockchain.watch/alerts
1307792,BTC,Bitcoin,bc1qryhgpmfv03qjhhp2dj8nw8g4ewg08jzmgy3cyx,bc1q8pqg5yrckgs0ve8k5jwfvdnpsxvtav6m3mv3yl,,2026-05-11T00:00:37.833369+00:00,9994f6128a014bbe449f1758d58e5e32d98742772f91154f2ad4f5b4757e6032,https://blockchain.watch/alerts
18728676,BTC,Bitcoin,32ACqiS8fbYSRRHTM5MT9d6HBtY61L9ST4,324H9uyTV9bPgAVgmdJNxPKKKZmowk5CYq,,2026-05-11T00:00:37.756831+00:00,2bf6cfbfa69245694cc5b0330c5c23f22a2adf08b539a85500eb5405ddb3069c,https://blockchain.watch/alerts
739784,BTC,Bitcoin,bc1q8pmuc2v0cku2ty0rfxp2jyvrhv6lpsjzq9y6s8,33Ff84GYuWVGpjH98uzHtsUkEB4XDNgTag,,2026-05-11T00:00:37.333901+00:00,97930d1efba2532b7272987ef968a6ee5a2b2a36927026e936378a0193990f79,https://blockchain.watch/alerts
808398,BTC,Bitcoin,bc1qm34lsc65zpw79lxes69zkqmk6ee3ewf0j77s3h,bc1q4ckcx4x7xrckhdc4ynlrx9hhgmy4r02hnjc8usz53g92ppvr3dgq3nswd2,Binance,2026-05-11T00:00:21.461128+00:00,fe17c45a2abf0c87c20d58497ac848c8e1feaf3b3010f43398c8144782b901d0,https://blockchain.watch/entities/binance
1272989,BTC,Bitcoin,bc1qm34lsc65zpw79lxes69zkqmk6ee3ewf0j77s3h,bc1qk53nw4g6l6cdnf9y0kwpuzpcpu0kzuccjnjtu8,Binance,2026-05-11T00:00:21.330384+00:00,ce5c6d5c6d06aa01b95eef614622e425ce62b816af2bba759d98a1df265ec505,https://blockchain.watch/entities/binance
1095189,BTC,Bitcoin,bc1qm34lsc65zpw79lxes69zkqmk6ee3ewf0j77s3h,144Hc5UGDBcUxkxR8wHtydtJnUUneRQJGZ,Binance,2026-05-11T00:00:21.211596+00:00,f31a833857c020d5ce60470fca1bc679a623e762f3723c1cef5560ad21458193,https://blockchain.watch/entities/binance
1845151,BTC,Bitcoin,bc1qm34lsc65zpw79lxes69zkqmk6ee3ewf0j77s3h,399CZDE9hzcFyibMXzsfKjbgY8Rem3Yzp3,Binance,2026-05-11T00:00:21.069257+00:00,6329f818f1a59f76bd6ecccfd002c4eef2632ade290fae29344f8f4bfa954ad4,https://blockchain.watch/entities/binance
885035,BTC,Bitcoin,bc1qm34lsc65zpw79lxes69zkqmk6ee3ewf0j77s3h,bc1pcxdar7qgy9cumm3vx5023tc6tcmzds5c3u083r4d4vueawslv46sq9qdqh,Binance,2026-05-10T23:45:21.863757+00:00,283f6bb1110f54512abf9bf81d0c5f21bdf7ff9e5d7b8281c60e2a9cdeb05a39,https://blockchain.watch/entities/binance
812950,BTC,Bitcoin,bc1qm34lsc65zpw79lxes69zkqmk6ee3ewf0j77s3h,bc1pv5sv479yuxfc2vmzuh79ypnhw39d26zun9f3vsz7v4k3ccv9gjqsjarrk6,Binance,2026-05-10T23:45:20.877369+00:00,715175875e399ef4e10cf637bd3ded4baa3c80fdc47e8ad543e1993721cc2360,https://blockchain.watch/entities/binance
1003902,BTC,Bitcoin,bc1qryhgpmfv03qjhhp2dj8nw8g4ewg08jzmgy3cyx,bc1q8sswtyxmqf3jcdl080drnnzdfw7gv8rne8uwl9,,2026-05-10T23:30:38.266257+00:00,c0f90206d6a2b1b0ec9b504a2da27d4374f3267825f13f64b874709fe0fc0471,https://blockchain.watch/alerts
589558,BTC,Bitcoin,bc1qryhgpmfv03qjhhp2dj8nw8g4ewg08jzmgy3cyx,bc1qyzpmne0777dumstckgzzhxamyvul3qj72z76uy,,2026-05-10T23:30:38.169599+00:00,0071e3ec3d3bb0590d5c3fe383e4e3fe09bb24f5aa2032cca393e6ffe85fbc03,https://blockchain.watch/alerts
1166662,BTC,Bitcoin,bc1p0jj3rnmwzw9tpm48zdptesx5dhxzqkm7qs3yu9t4hpu84hdfjz9sudzv3s,14s4TY2oNRf4ga5CMLR7ahym7kFGZ4Sp3Y,,2026-05-10T23:30:38.096431+00:00,a661f18ec2dc3e63df9732d6d245bfff5cc44a0eaeb0c166c73a95fa9a84293b,https://blockchain.watch/alerts
1469226,BTC,Bitcoin,324H9uyTV9bPgAVgmdJNxPKKKZmowk5CYq,1MVG5a32pzBR4r5dMd8mAucDo3vhFMtSvo,,2026-05-10T23:30:38.027403+00:00,912861514b42767afccb393305f23a1fe6cd1f5f3ddb94fb3f0b23cd0b8c4525,https://blockchain.watch/alerts
2511669,BTC,Bitcoin,324H9uyTV9bPgAVgmdJNxPKKKZmowk5CYq,1MVG5a32pzBR4r5dMd8mAucDo3vhFMtSvo,,2026-05-10T23:30:37.968446+00:00,235e7ff7da49b808993840b2b0387eb0ef77bf92ea599177a2737b300fe3db50,https://blockchain.watch/alerts
1470087,BTC,Bitcoin,bc1qm34lsc65zpw79lxes69zkqmk6ee3ewf0j77s3h,bc1qqcrm0yw2cktwy9cwhdtgxzy69fpn8kktrt7g5e,Binance,2026-05-10T23:30:24.023587+00:00,660d8f21ed263f9a909a7504cd0cb5a2218ef6ca3eaad1ae487779c2a0445527,https://blockchain.watch/entities/binance
3187356,BTC,Bitcoin,bc1qm34lsc65zpw79lxes69zkqmk6ee3ewf0j77s3h,bc1q7t4vyehjsexdme84qhdgd4dawcn54djh0m78fz,Binance,2026-05-10T23:30:23.887878+00:00,9d2fa046573b8c0d01abb0069258dcc01985b64072f38097d6690bc0de53c4cb,https://blockchain.watch/entities/binance
1397783,BTC,Bitcoin,bc1qm34lsc65zpw79lxes69zkqmk6ee3ewf0j77s3h,bc1qapswt5ng50zlh9cvsx4xq82a7eqg08xmuzr7nf,Binance,2026-05-10T23:30:23.761093+00:00,e8e2e5ecd6c22948d6e37552af291f27e51677b7cef573c71fab7a61cc914453,https://blockchain.watch/entities/binance
898301,BTC,Bitcoin,bc1qryhgpmfv03qjhhp2dj8nw8g4ewg08jzmgy3cyx,bc1q3mxx0p2d69g6d7jmuj3kwqskr62mp0lq7tct6n,,2026-05-10T23:15:38.458077+00:00,b8cc0cf8832fe75218cfaf6c481dcf175c20827ce0745874f8b8f5aad385a846,https://blockchain.watch/alerts
589942,BTC,Bitcoin,bc1qryhgpmfv03qjhhp2dj8nw8g4ewg08jzmgy3cyx,bc1q9hr3xp7j9xus5w05zpgxzpzegtgpgpaclqkq0t,,2026-05-10T23:15:38.405108+00:00,44076cf575c9f4f8b8d9019f166ac46a2e93f7598baa1d1c40b50c0bdc39780f,https://blockchain.watch/alerts
658370,BTC,Bitcoin,bc1qryhgpmfv03qjhhp2dj8nw8g4ewg08jzmgy3cyx,bc1qcls5xx7nty2lvc2sjvepkc3w8gcgycaqdlfgl0,,2026-05-10T23:15:38.351289+00:00,27f958c3f52691943adc109ca308fd838b82f284d20509bcde0e4a7ee031f401,https://blockchain.watch/alerts
809712,BTC,Bitcoin,bc1q2dnrntad94whau8ueya2gh93paygensh4let4l,bc1qdhcqcptxaqk4tu0yx35kzsm9guf5s0yamsecmf,,2026-05-10T23:15:38.289933+00:00,c71aa5d30d8852371202083a87d77cbaf9a18adb1d66284bb20a2f4e6fbce65b,https://blockchain.watch/alerts
2962036,BTC,Bitcoin,bc1qzyrcmskrrvxv2e9lztfxtg7snrampgzjq8p6hsssct7g4ar02gcqt799ww,bc1qa7zfs4xg4au3a5w47yl3qshq8yjxa4p470l5pl5n8jskwsl2h4dq8jkf9c,,2026-05-10T23:15:38.229294+00:00,d07fced9629fd75bee286ffd3760096029d3b7a57c912ea2f35a389ded84af05,https://blockchain.watch/alerts
648827,BTC,Bitcoin,bc1qr9sa5dcerueqzewtja0pcge307emax7jxctcas,3DAJScEGLQgLzPfiXqirf4PHCWBp2W3Q3R,,2026-05-10T23:15:38.175622+00:00,810427f69cbda0e23e6e1c3f9761a9fd29c5256a818f02b65a8a3d2a8ec69a39,https://blockchain.watch/alerts
2955473,BTC,Bitcoin,15DomY3arDPw5jD658Mbf3AY3wT3YCDmW2,1KbDEg1tDz2ErYgaDbaDhhawnLrSQFaFx5,,2026-05-10T23:15:37.813014+00:00,56200c5b42fd4873393f599546e59f700e78895e011f0719f7f0fcee826634f4,https://blockchain.watch/alerts
1558489,BTC,Bitcoin,bc1q6awdvpxzs7kc8hhuzflx9t5ay64n6l20tg2wvw,15gV6E7HzjPMtpqAMWkzohZpDUyVUG5KLZ,,2026-05-10T23:15:37.71343+00:00,820ccc1644a00957bfc60e444a2158778ac4a12dae225764bf377cf5aca1a9e7,https://blockchain.watch/alerts
2558259,BTC,Bitcoin,bc1qm34lsc65zpw79lxes69zkqmk6ee3ewf0j77s3h,37ufhzWqGPsx2pxwyo8tNECrckLp78FXp5,Binance,2026-05-10T23:15:23.618509+00:00,49910861c094014906db9daa064b696d32a04eb2d693950a7f16afdc6f3b5f5c,https://blockchain.watch/entities/binance
3705761,BTC,Bitcoin,bc1qm34lsc65zpw79lxes69zkqmk6ee3ewf0j77s3h,bc1q6gj73nchshas222vse53h7sfat3mk0uqdguml7,Binance,2026-05-10T23:15:23.534331+00:00,8125fcc40c6d09ed9f860ff548add6cbb15d4d555d468dab6a6631f3e84b3961,https://blockchain.watch/entities/binance
517395,BTC,Bitcoin,bc1qm34lsc65zpw79lxes69zkqmk6ee3ewf0j77s3h,bc1qcs6au7y7en3nw6acl79kdzyffx5rkp2gflymzr,Binance,2026-05-10T23:15:23.450693+00:00,c171fdd9d7a68e8e4dfa7a11a299b9438158eb274e1b9410f17d7edcdc84f719,https://blockchain.watch/entities/binance
4121028,BTC,Bitcoin,bc1qm34lsc65zpw79lxes69zkqmk6ee3ewf0j77s3h,bc1q4y6l2q5zkhhkyznzwca329edc3zslsmpzfrq9c,Binance,2026-05-10T23:15:23.366894+00:00,3ac4b3fdd273532d5516b8630fc9e20c5d56d439ff50a85d1ccaaa5027ef90bb,https://blockchain.watch/entities/binance
3733859,BTC,Bitcoin,bc1qm34lsc65zpw79lxes69zkqmk6ee3ewf0j77s3h,bc1qm6tkh2kc6f3vhdwcwe6jyqmgyvzc849nmjs93a,Binance,2026-05-10T23:15:22.910904+00:00,eaf48c9738f3c9ea68e1096a279afeffef5c2a8c0c730e85e5c617fb9a82c653,https://blockchain.watch/entities/binance
712047,ETH,Ethereum,0xf27e6b48403894fccb4927165dc9d2b499684a0a,0x28c6c06298d514db089934071355e5743bf21d60,Binance,2026-05-10T23:00:45.146288+00:00,0x061db287953312cd8aee77a49384b1182a96d2408e93ddcc2fd7e4d90b056f13,https://blockchain.watch/entities/binance
1974154,BTC,Bitcoin,bc1qm34lsc65zpw79lxes69zkqmk6ee3ewf0j77s3h,bc1pxnpzdhj2gpnjsmqnz8zpg9ska7r8md3rm9j3y3kx9sphzjjdfszsew2t43,Binance,2026-05-10T23:00:25.714126+00:00,a97eb2c23c95b085358450592b9d11d9b86510f442e830e701a8330edbf98407,https://blockchain.watch/entities/binance
1051456,ETH,Ethereum,0x28c6c06298d514db089934071355e5743bf21d60,0xe401a6a38024d8f5ab88f1b08cad476ccaca45e8,Binance,2026-05-10T23:00:08.40351+00:00,0xfc479ba0e3d2e63118ffe9bb8250ddef18fd29da7520a89fd8a21c7e652d9ca9,https://blockchain.watch/entities/binance
901402,BTC,Bitcoin,bc1qzjaky3q0kncpn52c9zg5maa56n8ewssmtuy7rr,bc1qa9shnev50vcvav8vnv0su5evdkv9ptqcl4gahy,,2026-05-10T22:45:34.745457+00:00,7eb5c5b12a4752aade9b1ade92ed000284c88be00a4e3fe401e76cd2a4c1219e,https://blockchain.watch/alerts
2394736,BTC,Bitcoin,bc1qngh6x2r72mp4nh88l083au728z7me0plytwfj7,bc1qm9dpm35mmfy2gnuvlx3zaew8psc9frr8vu7eyl,,2026-05-10T22:45:34.352612+00:00,03a7531d950a844d27fbcf3a055d47e0992803ff07b5c5409f0f931fc8613aeb,https://blockchain.watch/alerts
878515,BTC,Bitcoin,bc1qm34lsc65zpw79lxes69zkqmk6ee3ewf0j77s3h,17wSA5YLWmGmvnsdKJevSUwQL2UDzPAHDa,Binance,2026-05-10T22:45:21.100937+00:00,4e0f1627e35c2f550e1500c4ec6e541a7b5971ba12bbc1159a43570521f01ebc,https://blockchain.watch/entities/binance
8107477,BTC,Bitcoin,bc1qm34lsc65zpw79lxes69zkqmk6ee3ewf0j77s3h,bc1p2mlwrss9tmvtfvu0tcxul2h0w67ej8vyjpj3ksctt67vd9r752ksqx6uqm,Binance,2026-05-10T22:45:20.998633+00:00,18fade85901667d24c65b699d0520c6c93c9ed6e5162af916c803d406e09aafb,https://blockchain.watch/entities/binance
8183734,BTC,Bitcoin,1PeVQnGw7JKhzqBxDE8vKJSFLpjqsBZKeX,bc1qm34lsc65zpw79lxes69zkqmk6ee3ewf0j77s3h,Binance,2026-05-10T22:45:20.844006+00:00,d6b3304fa83f4af32a90f8f48f0e2808f56c2870369b98b94e9d18f7a91464a0,https://blockchain.watch/entities/binance
958756,BTC,Bitcoin,19HbscS37TWSTr1oaaMkPDbYopu9BKsL5B,bc1qm34lsc65zpw79lxes69zkqmk6ee3ewf0j77s3h,Binance,2026-05-10T22:45:20.713973+00:00,77b8e47d31f6173a0be8b00682723f4fca5e9f95ca4889bfb52059e76cef3f9f,https://blockchain.watch/entities/binance
1995314,BTC,Bitcoin,bc1qm34lsc65zpw79lxes69zkqmk6ee3ewf0j77s3h,bc1pte5yuka7vjqequtpmgg4t36mrphsdafylc2md9vqtevrz7vmvm5q64deyp,Binance,2026-05-10T22:45:20.5985+00:00,6b95c835476aa3930bab278fbc63d98de86c285d4089341e7eb45cc4fcc2a813,https://blockchain.watch/entities/binance
1629332,BTC,Bitcoin,bc1qm34lsc65zpw79lxes69zkqmk6ee3ewf0j77s3h,bc1q3wlx3ky7zp9ul8djp8kgzm6jkq5g4e8qts4v4e,Binance,2026-05-10T22:45:19.919797+00:00,ba3b5e4950478792d86380e603953548edc9e681ec240dc45120a2d48d25138a,https://blockchain.watch/entities/binance
643368,BTC,Bitcoin,bc1qr9sa5dcerueqzewtja0pcge307emax7jxctcas,3AFeSGm1LCp46iv6t423ZaSLY3xxe727xE,,2026-05-10T22:30:34.109772+00:00,ea92d5b7c0fcede33e0fe0215dc2daec670e30b0d4e15aefeb9cec7a48232cd3,https://blockchain.watch/alerts
4146039,BTC,Bitcoin,bc1p0jj3rnmwzw9tpm48zdptesx5dhxzqkm7qs3yu9t4hpu84hdfjz9sudzv3s,bc1q5shn92wypyjfysmm4us40lwnvfw8rdelktalq6,,2026-05-10T22:30:34.018195+00:00,e08167eee1e0bfa30eec23836ac932a14c5f62dc35e94aeb415b57c8a57b9c55,https://blockchain.watch/alerts
23770851,BTC,Bitcoin,324H9uyTV9bPgAVgmdJNxPKKKZmowk5CYq,1KbDEg1tDz2ErYgaDbaDhhawnLrSQFaFx5,,2026-05-10T22:30:33.935664+00:00,f6f24e5da5cd1468c15ebe3b1ab2ba2f149a3f9a0f8b2166ddfa4db395d04e76,https://blockchain.watch/alerts
4083306,BTC,Bitcoin,bc1qm34lsc65zpw79lxes69zkqmk6ee3ewf0j77s3h,bc1qqqp53p2cls7aqe67564qv2llfvvjdtwrqu3jnu,Binance,2026-05-10T22:30:19.829143+00:00,247fcf0a872000492b0e4feb13618cb92d7c44dfa2e149483d253c7bb38189c1,https://blockchain.watch/entities/binance
3219331,BTC,Bitcoin,bc1qm34lsc65zpw79lxes69zkqmk6ee3ewf0j77s3h,3LJa1xsVcbBpGBNRaW9v9BSpstoa2REJbT,Binance,2026-05-10T22:30:19.696635+00:00,e690f986346557147e408d796bf7ba0d95992235dbba91a71fb0f7d2a48b1eee,https://blockchain.watch/entities/binance
828906,BTC,Bitcoin,bc1qm34lsc65zpw79lxes69zkqmk6ee3ewf0j77s3h,bc1qpjlc9ryn8mk8r5lgnz3zsck5kjvgdt3tczmmrt,Binance,2026-05-10T22:15:23.648733+00:00,a65a2f76eff5e817705a2602c8eab307db35bc9586e5737dbfb5e9b779decf08,https://blockchain.watch/entities/binance
774670,BTC,Bitcoin,bc1qm34lsc65zpw79lxes69zkqmk6ee3ewf0j77s3h,bc1qp3n4f2yqapqe8rk32wexxk03csvdgggkn8xyk2,Binance,2026-05-10T22:15:23.565963+00:00,19b59e0e59d5f1b2e3d9f5bc0a7b79cd98fbbe0657322f0b607176c88cc80df3,https://blockchain.watch/entities/binance
768991,BTC,Bitcoin,bc1qm34lsc65zpw79lxes69zkqmk6ee3ewf0j77s3h,bc1q9fjws7w7hekqu52a95pnuvxtum7h24jygm2266,Binance,2026-05-10T22:15:23.472942+00:00,1a12962f5bd429e978c22e5a3116fe259bb33c3e2e16843b12e941c3023880ee,https://blockchain.watch/entities/binance
564457,BTC,Bitcoin,bc1qm34lsc65zpw79lxes69zkqmk6ee3ewf0j77s3h,3P64x9f8AcASaj9WBtYMymGQjEviAhP9bz,Binance,2026-05-10T22:15:22.841895+00:00,c752d0bc3b69b640757f87e160d02c8ba1ae4f02d5c38748bdbe64d5345e57aa,https://blockchain.watch/entities/binance
11320050,ETH,Ethereum,0xeae7380dd4cef6fbd1144f49e4d1e6964258a4f4,0x28c6c06298d514db089934071355e5743bf21d60,Binance,2026-05-10T22:00:39.14995+00:00,0x89578c3b41cc44b548b6c760e7b55d11e301a21fb39230388814a598ce5d35c5,https://blockchain.watch/entities/binance
922890,BTC,Bitcoin,1DLeNApsHNNzUMNZJVoXeyEY5sdp8vzx3w,1GrwDkr33gT6LuumniYjKEGjTLhsL5kmqC,,2026-05-10T22:00:38.188002+00:00,a127b4b761718bb194af797eb354e75e254884d6369114d4a6b5f8a6a5f31d98,https://blockchain.watch/alerts
1996358,BTC,Bitcoin,bc1qryhgpmfv03qjhhp2dj8nw8g4ewg08jzmgy3cyx,bc1qk7nugrkjrmde275j3lqxgwqv8ml7clppydwl9p,,2026-05-10T22:00:38.117135+00:00,4f94ba91597f9af0230b8348feea70f8fcb53639dc28edd98d867fb811260513,https://blockchain.watch/alerts
3187266,BTC,Bitcoin,bc1qm34lsc65zpw79lxes69zkqmk6ee3ewf0j77s3h,bc1q6w09zt2tqs4f4zguykcj9r4z6gqkemmaq2hp84,Binance,2026-05-10T22:00:22.195289+00:00,53cd852fed951632553bc1802919d68c1b39fbc9e15a67dcdcb34f2ba31985e0,https://blockchain.watch/entities/binance
8039994,BTC,Bitcoin,bc1qm34lsc65zpw79lxes69zkqmk6ee3ewf0j77s3h,35JADdK3H2LqPR5WBjKEbLo4P1AeytfFbG,Binance,2026-05-10T22:00:22.094659+00:00,aa616eae1410de851424955bf910c45ece2482a650168826fff1c572eac21e6e,https://blockchain.watch/entities/binance
3742586,BTC,Bitcoin,bc1qm34lsc65zpw79lxes69zkqmk6ee3ewf0j77s3h,35JADdK3H2LqPR5WBjKEbLo4P1AeytfFbG,Binance,2026-05-10T22:00:21.989995+00:00,68c0be042d33f86aafdb35ec4f38afb1d55e10d4639a71fb70c3c45ef1e08889,https://blockchain.watch/entities/binance
2030291,BTC,Bitcoin,bc1qm34lsc65zpw79lxes69zkqmk6ee3ewf0j77s3h,bc1q7t4vyehjsexdme84qhdgd4dawcn54djh0m78fz,Binance,2026-05-10T22:00:21.867965+00:00,d7860dc5aa89019eedeac35320763e1248eee422e509c8fd59824cc973f9f692,https://blockchain.watch/entities/binance
1933393,BTC,Bitcoin,bc1pmrsvpcv8k5m5ts5js4jl0z30wndv2j90f3gm08et0xueftpwhxesjzfyea,bc1qmr355trf8f2sfcdym96q585cez0qx852pqna6f,,2026-05-10T21:45:36.501542+00:00,df4e48134a9e4c1fcb0316ae3800f692ace903db387c6ebb8e847085f21f2d2e,https://blockchain.watch/alerts
543546,BTC,Bitcoin,32hK628jM4j1xLRQzJuvLsBhmBxKeVSdgN,bc1qr4dl5wa7kl8yu792dceg9z5knl2gkn220lk7a9,Kraken,2026-05-10T21:45:29.770717+00:00,360d9ff86b058d3866f010d40970c08c4224f2e48baf732afd5398047c821a7f,https://blockchain.watch/entities/kraken
3402059,BTC,Bitcoin,bc1qm34lsc65zpw79lxes69zkqmk6ee3ewf0j77s3h,bc1q7t4vyehjsexdme84qhdgd4dawcn54djh0m78fz,Binance,2026-05-10T21:45:22.23578+00:00,73509d8a15296a64da8e5b9844c2d91dea5d443d9e775d65293312e8e34f0ddd,https://blockchain.watch/entities/binance
820827,BTC,Bitcoin,bc1qm34lsc65zpw79lxes69zkqmk6ee3ewf0j77s3h,bc1q7t4vyehjsexdme84qhdgd4dawcn54djh0m78fz,Binance,2026-05-10T21:45:22.144711+00:00,0ba41c4790f5d08073f12161cc5d498c5a66a1a862b91688fd370c5e5114f9a2,https://blockchain.watch/entities/binance
1280613,BTC,Bitcoin,bc1qm34lsc65zpw79lxes69zkqmk6ee3ewf0j77s3h,bc1q0jl0l979wjxf47v45uds35phq9nz70trjzlufn,Binance,2026-05-10T21:45:21.982786+00:00,5e83262c9db77276932243cc36dd721fdd25269d83b8b474807e3dc0476c4ea1,https://blockchain.watch/entities/binance
3861580,BTC,Bitcoin,bc1qm34lsc65zpw79lxes69zkqmk6ee3ewf0j77s3h,19uGWwCZ4PYR9ioyoRaRGhewPmt8uBNUqs,Binance,2026-05-10T21:45:21.876124+00:00,0ecec5534567d11eaf870a8bf7c8fd6032691768af2f6b856549db192f62a067,https://blockchain.watch/entities/binance
3712325,BTC,Bitcoin,bc1qm34lsc65zpw79lxes69zkqmk6ee3ewf0j77s3h,bc1q7t4vyehjsexdme84qhdgd4dawcn54djh0m78fz,Binance,2026-05-10T21:45:21.251623+00:00,468a102f29978d83ca3e1d8d3321af295979930ff3035454a94707cb1d0508bb,https://blockchain.watch/entities/binance
1034334,ETH,Ethereum,0xa9c61fe59b5702b1d382fd1d5e495887ff34c21d,0x28c6c06298d514db089934071355e5743bf21d60,Binance,2026-05-10T21:30:37.525808+00:00,0xba25bc83e054dee3b2b0ddd071656dc3ead19851ce697153979eedbb1d6ab116,https://blockchain.watch/entities/binance
2834873,BTC,Bitcoin,bc1p0jj3rnmwzw9tpm48zdptesx5dhxzqkm7qs3yu9t4hpu84hdfjz9sudzv3s,3LW1FfMedWBSYd3r1QWX7mpMoJKfxtnDbg,,2026-05-10T21:30:36.559661+00:00,7f7004f5496c21be743dcaefef53cf68260fdb4dd9479dfeecfa829176c084c5,https://blockchain.watch/alerts
793201,BTC,Bitcoin,bc1qm34lsc65zpw79lxes69zkqmk6ee3ewf0j77s3h,bc1q8mhe76sxrnucwrnqvz7kmecwa62w4y27tfqca3,Binance,2026-05-10T21:30:20.768628+00:00,021695740e0ec8b546d92d7507569e891a0cc272125175be705bfeb564af1bd1,https://blockchain.watch/entities/binance
2753820,BTC,Bitcoin,bc1qm34lsc65zpw79lxes69zkqmk6ee3ewf0j77s3h,bc1qsyzlxwp85va3jfc3wqqtr8tj56557ngctnldnw,Binance,2026-05-10T21:30:20.671179+00:00,88d973ef4421a24f4618da9f9f8c6ebff7f1856a78765ba69ab382ed6fdef1e5,https://blockchain.watch/entities/binance
3489193,BTC,Bitcoin,bc1qm34lsc65zpw79lxes69zkqmk6ee3ewf0j77s3h,bc1q7t4vyehjsexdme84qhdgd4dawcn54djh0m78fz,Binance,2026-05-10T21:30:20.558513+00:00,a3c014fe5fe6bf4808d3e6faed7e97baf3da1b4c1612abaaabb574162027a82c,https://blockchain.watch/entities/binance
4153513,BTC,Bitcoin,bc1qm34lsc65zpw79lxes69zkqmk6ee3ewf0j77s3h,35bbWBhyL1BMwcCHFhcNdogGX2BmtNB4G9,Binance,2026-05-10T21:30:20.401588+00:00,4d6cc3c30af459180cb43d161be577b91869760bf995e3648c5bf0fa15b69719,https://blockchain.watch/entities/binance
4139637,BTC,Bitcoin,bc1qm34lsc65zpw79lxes69zkqmk6ee3ewf0j77s3h,bc1qpflat50nfne4nlkt3u6kw9quh9dmp443g9raku,Binance,2026-05-10T21:15:24.405552+00:00,ed4c326c47024f8d6ab44ed3368dfe46907a177b673cfeb0aec7973ef7b4aa77,https://blockchain.watch/entities/binance
2549719,BTC,Bitcoin,bc1qm34lsc65zpw79lxes69zkqmk6ee3ewf0j77s3h,bc1q4wsfz72ark6q68fsa33h6ct9yatrmnlj9aknem,Binance,2026-05-10T21:15:24.207185+00:00,2eb7c02070cc9cdf9a78753d056d61201394a48c62911a86c61bf05959749dbb,https://blockchain.watch/entities/binance
2139480,BTC,Bitcoin,bc1qm34lsc65zpw79lxes69zkqmk6ee3ewf0j77s3h,bc1qv6wdlwtv6rw7sl6qwwtnyswvymllpk9j9mhpf3,Binance,2026-05-10T21:15:24.032025+00:00,405beb108377cd9f18d508fd936887a055e2abd2bd687bc78fac21af89f5c4c6,https://blockchain.watch/entities/binance
1966552,BTC,Bitcoin,bc1qm34lsc65zpw79lxes69zkqmk6ee3ewf0j77s3h,33xRDmPtFqNcbpb5m2kGNfxsGKhhgjnYzJ,Binance,2026-05-10T21:15:23.321386+00:00,e73bc21e9857972d1bf3caf9e365174f78732b1392d81ebf9fc9221cfd34fa5a,https://blockchain.watch/entities/binance
7846970,BTC,Bitcoin,bc1qwelntg7tpxwgmh7gea0kycclx87mksnvhaadgf,bc1qhdjhdewnmrs80mdsz00wy62vhnuc4ucpcyefv4,,2026-05-10T21:00:36.228628+00:00,bc4665a6aa9d3e87551269a6aaa81832924c7f0acf8b32e47f582c52b80caacc,https://blockchain.watch/alerts
1172439,BTC,Bitcoin,33sB7g4z7bp7KZywS3AgVxgqVuNrKiozuB,3MCcNtgyomgoRVoQFYKyxnCWGcyjVQmaDo,,2026-05-10T21:00:36.159917+00:00,3dd13c616664c40ca76aba4b308ed35c06185d11f18a7374bc3718376856a521,https://blockchain.watch/alerts
8011864,BTC,Bitcoin,bc1qm34lsc65zpw79lxes69zkqmk6ee3ewf0j77s3h,1LviqJzFPDKSBbUKx2rQSU8a19eu72PmWF,Binance,2026-05-10T21:00:20.825142+00:00,fdc1fb7cc5e57080f22ccd740d067c47619fc1085787b0fa0c98d5b15551d003,https://blockchain.watch/entities/binance
6456978,BTC,Bitcoin,bc1qm34lsc65zpw79lxes69zkqmk6ee3ewf0j77s3h,bc1qt55ppgzlwyewyxjfnplhakes9k8qywx5m6d2hh,Binance,2026-05-10T21:00:20.722855+00:00,878da40a87594871afc58c248cdd67285b6774eba170b1bb97104238e121674d,https://blockchain.watch/entities/binance
7787998,BTC,Bitcoin,1DQm1nkW9xUUMsMWzteLgsdBg8tg9tdxYB,bc1qm34lsc65zpw79lxes69zkqmk6ee3ewf0j77s3h,Binance,2026-05-10T21:00:20.610703+00:00,5b7333591fa316dda4270a47caabfec39f97f4f34daac6c768ed77c10eb5babd,https://blockchain.watch/entities/binance
1982130,BTC,Bitcoin,1Ceh51AoHUtZFhEAnUW6A3DXJ3Yq9B8D71,bc1qm34lsc65zpw79lxes69zkqmk6ee3ewf0j77s3h,Binance,2026-05-10T21:00:20.369077+00:00,f6dfe0c894e0a148c1613435f5a5d7340fb75970104331ec05e8b731131d6112,https://blockchain.watch/entities/binance
3235326,BTC,Bitcoin,bc1qm34lsc65zpw79lxes69zkqmk6ee3ewf0j77s3h,3844du6JPnEbhiqabRC6HLXCTgpoDrx7kS,Binance,2026-05-10T20:15:21.420005+00:00,e886da7259cc8511348062cd67e14388f914f4dc3525c81e10c4bc32beee3a30,https://blockchain.watch/entities/binance
3025008,BTC,Bitcoin,bc1qm34lsc65zpw79lxes69zkqmk6ee3ewf0j77s3h,3NyWjuBc8UofS935VigotWCbebp8kgoSKm,Binance,2026-05-10T20:15:21.330556+00:00,a91036293faade1741173f8b8a4a471f48b8ef0650e33841c456e8ea0935bd20,https://blockchain.watch/entities/binance
2624425,BTC,Bitcoin,bc1qm34lsc65zpw79lxes69zkqmk6ee3ewf0j77s3h,bc1q4c493f5fyjhujqsqhv8sz42wx7j3p6unsa3rd7,Binance,2026-05-10T20:15:21.243451+00:00,110846cfe3d32ec8727fc651b234a420475dac1eac99eb790cc1e8368fcc6891,https://blockchain.watch/entities/binance
2393880,BTC,Bitcoin,bc1qm34lsc65zpw79lxes69zkqmk6ee3ewf0j77s3h,bc1qrh4j8mzs9e96lcrs6e3gvdj82c54cecwk9cl0x,Binance,2026-05-10T20:15:20.686462+00:00,6c657a72d5b1ba9ef14e53e5ad63a34745aa7d6648d966992d484811d321587c,https://blockchain.watch/entities/binance
5939668,ETH,Ethereum,0xeae7380dd4cef6fbd1144f49e4d1e6964258a4f4,0x28c6c06298d514db089934071355e5743bf21d60,Binance,2026-05-10T20:00:41.773729+00:00,0xdad57f1569c23cfbfc9c1776ca4e185bfcb4de923f41481b1a437f98be21229d,https://blockchain.watch/entities/binance
4909114,ETH,Ethereum,0xf8191d98ae98d2f7abdfb63a9b0b812b93c873aa,0x84b38bc60f3bd82640ecefa320dab2be62e2da15,,2026-05-10T20:00:41.703328+00:00,0x928bfbae44c3e5bf8edcba86b113e9b7dd27b526875e924f2fa590df05813e7f,https://blockchain.watch/alerts
633635,BTC,Bitcoin,bc1qm34lsc65zpw79lxes69zkqmk6ee3ewf0j77s3h,389s9me1qU2njFu9FcRTQzUiqzThB8p91U,Binance,2026-05-10T20:00:25.242968+00:00,f7e549ecdb789caf3f7da19d5eb67b58f39af9f5a29134e4d868a36d63e9c2b8,https://blockchain.watch/entities/binance
555830,BTC,Bitcoin,bc1qm34lsc65zpw79lxes69zkqmk6ee3ewf0j77s3h,bc1q6759qayqkxwzf6rrq6xraagmg3zxqdp0afrwnu,Binance,2026-05-10T20:00:25.155209+00:00,d849b2333f40b9a65c67940e4acf269c0570c011b91609bfbc587310c90c05c1,https://blockchain.watch/entities/binance
1935124,BTC,Bitcoin,bc1qm34lsc65zpw79lxes69zkqmk6ee3ewf0j77s3h,1CwDmSkrSQRpxNnKWYDHXh3WXVkfd9MCvD,Binance,2026-05-10T20:00:25.070573+00:00,7367d5dfad1979cfc75b4a171a384e8b12687673c6d74918e38d79e8270e6550,https://blockchain.watch/entities/binance
1200915,BTC,Bitcoin,bc1qm34lsc65zpw79lxes69zkqmk6ee3ewf0j77s3h,bc1qc8lja4gm37pg9gqjp6htj9qcamccs5ljrqa0w4,Binance,2026-05-10T20:00:24.961514+00:00,e1a36f943f36d523591be5d873e2650162eefe1d46cbad3e40f2b46f752fe75c,https://blockchain.watch/entities/binance
1171916,BTC,Bitcoin,bc1qm34lsc65zpw79lxes69zkqmk6ee3ewf0j77s3h,3BGYoBi4LbdMC6FVMNZ4vxN9jVPEUUWJjM,Binance,2026-05-10T20:00:24.831904+00:00,668cb54d76fb61d1f237af451dc4c70a12a4eaf2fa6a52d019306c1d05cb5490,https://blockchain.watch/entities/binance
1112673,BTC,Bitcoin,bc1qm34lsc65zpw79lxes69zkqmk6ee3ewf0j77s3h,bc1qfwqgfp9qskr3ugwkc379wugrfaw2qcac0fqnzh,Binance,2026-05-10T20:00:24.687408+00:00,aafa2860672a362c595e389b168dfcaca4b0525ec27f93d315b90e5cd1b48bda,https://blockchain.watch/entities/binance
564229,BTC,Bitcoin,bc1qm34lsc65zpw79lxes69zkqmk6ee3ewf0j77s3h,3E7SfgmfCWmv4dneXFU4zuyC2T1ygYZWkT,Binance,2026-05-10T19:45:20.862662+00:00,394b842f2f30cbe466c3de0a124c7c6b7c44998b37d09871717feb142091af97,https://blockchain.watch/entities/binance
765107,BTC,Bitcoin,bc1q7cyrfmck2ffu2ud3rn5l5a8yv6f0chkp0zpemf,bc1qvrh3vffmw8ts6jxalx8d0mvwygyvfphla2923t,,2026-05-10T19:30:38.558899+00:00,7359c39bfff3c9d3477505a1cb207a08b78f64b3f49aed79f0e4feaeff7e1cce,https://blockchain.watch/alerts
1357152,BTC,Bitcoin,bc1q277gm5m5n7emnk4ut558s0f9r8620vv6edsmhh,bc1q47578dxhlf4a6jxysfqr5jzhg75u5pn6q2ws50,,2026-05-10T19:30:38.134735+00:00,7fa9ea846b070a24ed37650dab959554c7ec276aba61854578ccfa8c1a696f14,https://blockchain.watch/alerts
726816,BTC,Bitcoin,bc1q7cyrfmck2ffu2ud3rn5l5a8yv6f0chkp0zpemf,bc1qwxthpzhw7q0lppq583ukl5hymswkq45d00xw8g,,2026-05-10T19:30:38.048774+00:00,1fed67974502763b6993698e1914c20eaa2c005351e4baab3d198b75a4e0f375,https://blockchain.watch/alerts
3606859,BTC,Bitcoin,bc1qm34lsc65zpw79lxes69zkqmk6ee3ewf0j77s3h,34D73CV3Ppz6f8cHXDhhrtPv6Eif8q8bo8,Binance,2026-05-10T19:30:24.275651+00:00,9b598e0c396da870c6fadcf071506aa61cf09ba7a28a479b1e71d202d2ef366f,https://blockchain.watch/entities/binance
1458096,BTC,Bitcoin,bc1qm34lsc65zpw79lxes69zkqmk6ee3ewf0j77s3h,3AiUNdB1BQ4SqJhpRiPjUXNuvJJpgJ3TWx,Binance,2026-05-10T19:30:24.192352+00:00,b02137614a50203685d6b321b2f5b155e07fcdf20a71d0f1f22c728eb93b1a74,https://blockchain.watch/entities/binance
1098766,BTC,Bitcoin,bc1qm34lsc65zpw79lxes69zkqmk6ee3ewf0j77s3h,bc1qrez0r62q42vt55ksrn6mp3u734vvjk6n7rxtkz,Binance,2026-05-10T19:30:24.077336+00:00,9ae4475bd1e6d69eba4b1446d93b2fe2897eaf7b16bc77aa899db2a6efa8320a,https://blockchain.watch/entities/binance
835225,BTC,Bitcoin,bc1qm34lsc65zpw79lxes69zkqmk6ee3ewf0j77s3h,38pPcA8T4Tdx9hm2gPecSofhYb8nDVuUE4,Binance,2026-05-10T19:30:23.982571+00:00,f5ffd1c2158ccfb3e61937856b9b10842466f96f31697765de3eb09f8fe55c69,https://blockchain.watch/entities/binance
829666445,ETH,Ethereum,0x28c6c06298d514db089934071355e5743bf21d60,0xf977814e90da44bfa03b6295a0616a897441acec,Binance,2026-05-10T19:30:11.253738+00:00,0xe198bc3f3d598c2fe592610772209bcea096ad8c5581371445b34954dc905fb9,https://blockchain.watch/entities/binance
1035907,BTC,Bitcoin,bc1qm34lsc65zpw79lxes69zkqmk6ee3ewf0j77s3h,3LeQjypv7MJtKmcZLXmCTbAJ96Ab5hPvSc,Binance,2026-05-10T19:15:22.506065+00:00,1d4619a1d35116355f7f89061691a1988e7122ced152defdfe3c5e891638da77,https://blockchain.watch/entities/binance
929074,BTC,Bitcoin,bc1qm34lsc65zpw79lxes69zkqmk6ee3ewf0j77s3h,bc1q5g3vqkzngx3hkjg8ws6j6gnu4elkjjs5fr4vyd,Binance,2026-05-10T19:15:22.426535+00:00,2b777d93280a068776e5513db5e6ce503abe45915876299f8c2ec51275779c75,https://blockchain.watch/entities/binance
820214,BTC,Bitcoin,bc1qm34lsc65zpw79lxes69zkqmk6ee3ewf0j77s3h,3FDHFeJUAuVL6g5DggXL99L7j6wjtEjWNm,Binance,2026-05-10T19:15:22.33069+00:00,ad5b0577ff13d05b7d079b03336484f53dd3ad0f0e16e967cc14eb813fa6d882,https://blockchain.watch/entities/binance
765567,BTC,Bitcoin,bc1qm34lsc65zpw79lxes69zkqmk6ee3ewf0j77s3h,bc1qs7vaxr2quk29vdzgfxmupntd67ykqanefeztm7,Binance,2026-05-10T19:15:22.24541+00:00,06a3629620edd3f7131675796aedc961f2548766ebdbd0509646d83e965c63dd,https://blockchain.watch/entities/binance
2166071,BTC,Bitcoin,bc1q7x33uewnu3geetellpdrhqqwxgznd69878tfpm,bc1qm34lsc65zpw79lxes69zkqmk6ee3ewf0j77s3h,Binance,2026-05-10T19:15:21.669492+00:00,3c4d8655bf25e9b8f48616d8b734cf91038792edf4a35cbeb11c88388d82c547,https://blockchain.watch/entities/binance
4915168,BTC,Bitcoin,bc1pdwu79dady576y3fupmm82m3g7p2p9f6hgyeqy0tdg7ztxg7xrayqlkl8j9,15DomY3arDPw5jD658Mbf3AY3wT3YCDmW2,,2026-05-10T19:00:39.545169+00:00,0490f2d6d9bf4dd3105db6aa414d727f07c9b0637661a67ef87790759b83584c,https://blockchain.watch/alerts
984039,BTC,Bitcoin,1DLeNApsHNNzUMNZJVoXeyEY5sdp8vzx3w,12XZMdaAGmcHf4ocFSqpd8jFd1WH7RHUPs,,2026-05-10T19:00:38.035295+00:00,2cdcdb546b044ef216dfb7df66472fe878b89de5ef6a6071a206ceba4fdb4ea1,https://blockchain.watch/alerts
506755,ETH,Ethereum,0x1c68c3de2b02d9ae478d37c7e6c92a53ff01fc66,0x76c3d516bc86f63c875c34c265a443dc83aae633,,2026-05-10T18:45:36.572537+00:00,0x9773b249b395b36c2faf16841a7c7a2c9556a6e9030210e90a5e9ec0f4278bac,https://blockchain.watch/alerts
988173,BTC,Bitcoin,1JB39NBdhYCphGehZax76NLoR9RrPisXgs,1DLeNApsHNNzUMNZJVoXeyEY5sdp8vzx3w,,2026-05-10T18:45:35.696159+00:00,84513f1ce594052ef9d16915db29048d0c33627d0b3e7a997a23a340f4710c9b,https://blockchain.watch/alerts
3682408,BTC,Bitcoin,166DmLzdz6DkUECtbMtaPCaSVR9a8sjeqy,bc1qm34lsc65zpw79lxes69zkqmk6ee3ewf0j77s3h,Binance,2026-05-10T18:45:21.611054+00:00,219cb1f2943ad383f1be2c39280c0f6c10d421b0643aecbfc91852659fa3d632,https://blockchain.watch/entities/binance
7611773,BTC,Bitcoin,1KbDEg1tDz2ErYgaDbaDhhawnLrSQFaFx5,bc1qm34lsc65zpw79lxes69zkqmk6ee3ewf0j77s3h,Binance,2026-05-10T18:45:21.524714+00:00,e8c505d971480c7d655d98297711163e92ee5521f48abdea70191b250859e98c,https://blockchain.watch/entities/binance
7891497,BTC,Bitcoin,1PeVQnGw7JKhzqBxDE8vKJSFLpjqsBZKeX,bc1qm34lsc65zpw79lxes69zkqmk6ee3ewf0j77s3h,Binance,2026-05-10T18:45:20.812043+00:00,f5abb3271d2c9a148b117fe27cf548438dbd1dd507cb848b05eae75f2246f09a,https://blockchain.watch/entities/binance
1909690,BTC,Bitcoin,bc1qyltngkp0p69lyzh6uzvdswsfdpkm4xchmnr0pq,bc1q69vzx7uu5n2khsy2p2mhepxpaudfyymzu9k4vn,,2026-05-10T18:30:35.262083+00:00,afa3e54c7014d5211eb8c13e434df7331fbe33b339467d806052a3f570aa71a4,https://blockchain.watch/alerts
997117,BTC,Bitcoin,12XZMdaAGmcHf4ocFSqpd8jFd1WH7RHUPs,1GrwDkr33gT6LuumniYjKEGjTLhsL5kmqC,,2026-05-10T18:30:34.886999+00:00,b10cf1e5af36e3e1812b94aa92b691f0b202425624e7d4c42eab425dfdccf298,https://blockchain.watch/alerts
1108692,BTC,Bitcoin,bc1pfewahnqzlz2ga6yw88yskqjp8wqnqfrchwvu4ewwhmqg5k74nhzstxz4mm,bc1q7jsmxqt85aqz9t2sp9qmgktsk78dqk8xx5jd8l,,2026-05-10T18:30:34.807941+00:00,7a23e195879fbb3790c8f426ae5efc41f8a9b28e0f01c17a16886c52fad1782b,https://blockchain.watch/alerts
2636809,BTC,Bitcoin,3LHZNTmeQqzKqqGLXUDxq7uGUX59qDvoEU,bc1qr4dl5wa7kl8yu792dceg9z5knl2gkn220lk7a9,Kraken,2026-05-10T18:30:28.049395+00:00,08f538bb87099bc42a36a6116aac92a9ac5d71bfbddc572e8770140e64418c61,https://blockchain.watch/entities/kraken
791538,BTC,Bitcoin,bc1qm34lsc65zpw79lxes69zkqmk6ee3ewf0j77s3h,bc1px45yxgczgkkqw0ztvsl0hehx2qhr7xql7p82jnqf6yq082j98wtsll4gcl,Binance,2026-05-10T18:30:20.706842+00:00,ddabf29d670c4cd2b38c3aa958acd3959f7bf7ad88308fea51ad814ab175fcff,https://blockchain.watch/entities/binance
1730928,BTC,Bitcoin,bc1qm34lsc65zpw79lxes69zkqmk6ee3ewf0j77s3h,113QnTMo6aSRdK6tFm4HHJVBJ3ykYepery,Binance,2026-05-10T18:30:20.622005+00:00,b3e34dda3a0a3f52c15e0480d10495d1129fd1795c5a320a99ff6db2bde12310,https://blockchain.watch/entities/binance
966081,BTC,Bitcoin,bc1qm34lsc65zpw79lxes69zkqmk6ee3ewf0j77s3h,bc1qxs3y0k845mwg4wz93d0t5m7vhrlu5fyzr2kgc0,Binance,2026-05-10T18:30:20.545387+00:00,56d774093f6b2deb81d1325069e2decd67ec2104a6faaf0cbebc225e81ed2e1a,https://blockchain.watch/entities/binance
2531118,BTC,Bitcoin,bc1qm34lsc65zpw79lxes69zkqmk6ee3ewf0j77s3h,35bbWBhyL1BMwcCHFhcNdogGX2BmtNB4G9,Binance,2026-05-10T18:30:20.433053+00:00,4b5bf087702ab07469735384ddb4afc734cc2a390b1b946c26dcb1011638d46d,https://blockchain.watch/entities/binance
682121,BTC,Bitcoin,bc1qm34lsc65zpw79lxes69zkqmk6ee3ewf0j77s3h,3BGYoBi4LbdMC6FVMNZ4vxN9jVPEUUWJjM,Binance,2026-05-10T18:30:20.298991+00:00,bae220279258317287a4b712937383688dd269f7b93f0a7ad29060e7b6ef2bf1,https://blockchain.watch/entities/binance
1023108,BTC,Bitcoin,1GrwDkr33gT6LuumniYjKEGjTLhsL5kmqC,12XZMdaAGmcHf4ocFSqpd8jFd1WH7RHUPs,,2026-05-10T18:15:42.987129+00:00,fa9a7a6bc1468f8b745affed51c55d100ff1369e2175f7d1c4b5a692a3ff70b5,https://blockchain.watch/alerts
1021060,BTC,Bitcoin,1GrwDkr33gT6LuumniYjKEGjTLhsL5kmqC,12XZMdaAGmcHf4ocFSqpd8jFd1WH7RHUPs,,2026-05-10T18:15:42.915406+00:00,967ea0a5bd7977dbe547825a4c4a9c9562f5bbc19627e4842bc2d42c88e026b7,https://blockchain.watch/alerts
1644439073,BTC,Bitcoin,bc1qx2x5cqhymfcnjtg902ky6u5t5htmt7fvqztdsm028hkrvxcl4t2sjtpd9l,bc1q0szdgnjn30msnq3852njc8sse357uw7qxxxj4p,,2026-05-10T18:15:42.497913+00:00,a3c038b6eeb0f6ab7d3303a3d8ff8f6c14676d5aae065796fb28b590236804d1,https://blockchain.watch/alerts
998779,BTC,Bitcoin,1GrwDkr33gT6LuumniYjKEGjTLhsL5kmqC,3JMjdqdJ7PeScD2APEVL5qD55GxQdsLdpy,,2026-05-10T18:15:42.424111+00:00,5a5ac6701051d3817d433c8729962aa90c2ddf1cd05d80499f8f4e275bb4034a,https://blockchain.watch/alerts
827345,BTC,Bitcoin,bc1q7h0yhact2d2233mudv38t74cmaqqwysggy6wke,bc1qm34lsc65zpw79lxes69zkqmk6ee3ewf0j77s3h,Binance,2026-05-10T18:15:24.362977+00:00,a9056eb57c87e82232c787b102a1f952935548bfc02f4cc6b63de8ddc7a33c92,https://blockchain.watch/entities/binance
780112,BTC,Bitcoin,bc1qm34lsc65zpw79lxes69zkqmk6ee3ewf0j77s3h,bc1qsrdk4p47y0y8puf3rf02apmg503cwcnqetpx43,Binance,2026-05-10T18:15:23.681561+00:00,16efcb67d634670bba22cf5c90ca6f408681a50e106ec4fca87be33c73bffef1,https://blockchain.watch/entities/binance
1166537,BTC,Bitcoin,bc1qm34lsc65zpw79lxes69zkqmk6ee3ewf0j77s3h,bc1q8xj2s3hd349hfr99554qezkhd7akxrrk0kzjmq,Binance,2026-05-10T18:00:21.844469+00:00,b70f5bf6c780a294a07b0cc0d885a658d4b0acaf7820916bd4d26b883f0284d1,https://blockchain.watch/entities/binance
3672886,BTC,Bitcoin,bc1qm34lsc65zpw79lxes69zkqmk6ee3ewf0j77s3h,3LHZNTmeQqzKqqGLXUDxq7uGUX59qDvoEU,Binance,2026-05-10T18:00:21.712278+00:00,c8df0d93bf8c03791f0ba6d3730001c1aa1d3d61c23c1f79fb09989b95fc96b2,https://blockchain.watch/entities/binance
8931101,BTC,Bitcoin,bc1p2ws3jd3krrplhs2r8z7pfv8dyydy2mh0y0ejqj4eesqv4cx4c6xq6x5yjg,bc1qafqn8punjylhndned3kpefuveu74gayagsras6uvqes4wk4rug3sfzwr87,,2026-05-10T17:45:36.067991+00:00,72c00d57688ce1a6b586698b38c554400fe184994e89859e8cf697cbc2717171,https://blockchain.watch/alerts
668162,BTC,Bitcoin,bc1qm34lsc65zpw79lxes69zkqmk6ee3ewf0j77s3h,18CviwprUJLGcnrTkEHZNEFhdPZioXZXn,Binance,2026-05-10T17:45:21.278517+00:00,949d5a3643806d3773c92143171f9edd036c6b4b7412593b263b3d4714d6024a,https://blockchain.watch/entities/binance
16260013,BTC,Bitcoin,bc1qm34lsc65zpw79lxes69zkqmk6ee3ewf0j77s3h,335umQ4egqMjDo6wSXYwQZYPntZzMveNTJ,Binance,2026-05-10T17:45:20.762808+00:00,36ee879c0a4c8cb98306df08dea6956d25da3fd0c9aa8439bbfc9f099ec97159,https://blockchain.watch/entities/binance
4003773,ETH,Ethereum,0xa9c61fe59b5702b1d382fd1d5e495887ff34c21d,0x28c6c06298d514db089934071355e5743bf21d60,Binance,2026-05-10T17:30:34.899051+00:00,0x336fad1df9af8c496c166f9e768f6abd4f8119b9ab58685898abdf83842ee33a,https://blockchain.watch/entities/binance
3471988,BTC,Bitcoin,bc1qm34lsc65zpw79lxes69zkqmk6ee3ewf0j77s3h,bc1qf7hyknl4e6cyk3fmnv0rmq23t7w4gjelzjucd6,Binance,2026-05-10T17:30:20.380445+00:00,9c4bd1301a7dd2359723edfbaa4883089c10dd64f93f3ba61fd462bb23dd89ce,https://blockchain.watch/entities/binance
922779,BTC,Bitcoin,bc1qm34lsc65zpw79lxes69zkqmk6ee3ewf0j77s3h,39Lam7WpNy6Npkd41G69QFoVjnPSw7R9GM,Binance,2026-05-10T17:30:20.302278+00:00,6dbc2b91a3194420d2f1be3ee86e75236727d84fd5b8f0b1a4450ceb3d4ba3fe,https://blockchain.watch/entities/binance
680084,BTC,Bitcoin,bc1qm34lsc65zpw79lxes69zkqmk6ee3ewf0j77s3h,3ESsYRoYNkMqQy3KFWzr7M9NJNuw8us5Wo,Binance,2026-05-10T17:30:20.215439+00:00,cd0e0a6d73a1d2cb5121cc0aadf18e1b7dd58a61709b3c0d4fb86d4e3a5d034f,https://blockchain.watch/entities/binance
7847780,BTC,Bitcoin,bc1qm34lsc65zpw79lxes69zkqmk6ee3ewf0j77s3h,1CDKKPdazS6T2i5ju4QioLubikLhaNrgj8,Binance,2026-05-10T17:30:20.088897+00:00,eb6f18150e52e99602e5e9568e0a87df6e27dc2ed4c945e798d8586f9a185e73,https://blockchain.watch/entities/binance
1590740,BTC,Bitcoin,bc1qm34lsc65zpw79lxes69zkqmk6ee3ewf0j77s3h,3AdCGjec9yBmN4njxi1EoQ3TYV4GuuJYLD,Binance,2026-05-10T17:15:22.932544+00:00,faf05ca8f00b24a3691847e04178417f6836103872d58fc414fe7fdd785211ec,https://blockchain.watch/entities/binance
1244512,BTC,Bitcoin,bc1qm34lsc65zpw79lxes69zkqmk6ee3ewf0j77s3h,bc1qgvxy4sk9638we5x2a0yyu0vkw8f3cu8w7ls5x0,Binance,2026-05-10T17:15:22.245798+00:00,88dbe9fcae77d4075be2c46397b09325d784b71802a1a25628ef7d391c3346ee,https://blockchain.watch/entities/binance
1042354,BTC,Bitcoin,1GrwDkr33gT6LuumniYjKEGjTLhsL5kmqC,1KLBfaEB3cDULEh8K3pvfjQGrKC1K7uaGP,,2026-05-10T16:45:36.980294+00:00,5bc7824837d463576449bc6a168a2688b71ae70996aebf902285cdebbd68a0ac,https://blockchain.watch/alerts
1038972,BTC,Bitcoin,1GrwDkr33gT6LuumniYjKEGjTLhsL5kmqC,bc1q9c8465t8mnn5kc4nak0gkmafqpec2e5jgh3sch,,2026-05-10T16:45:36.904836+00:00,f41aeed970819d6b5b8cfe0d836359e5fca47c4816afe7b0aefc1b7cafde0e3d,https://blockchain.watch/alerts
566620,BTC,Bitcoin,bc1qm34lsc65zpw79lxes69zkqmk6ee3ewf0j77s3h,bc1q2hvtgys7m8rgsyqkrglyl5epxsufz39x559dnh,Binance,2026-05-10T16:45:21.132699+00:00,9e977d9f9c5800013c26349f18000c4b5686aeaa5f8c4ab3fb6195a6482d46f6,https://blockchain.watch/entities/binance
8858212,BTC,Bitcoin,1KbDEg1tDz2ErYgaDbaDhhawnLrSQFaFx5,bc1qm34lsc65zpw79lxes69zkqmk6ee3ewf0j77s3h,Binance,2026-05-10T16:45:21.029661+00:00,07623eaa041664f33d498adc56c7a6b63f1b537a3488696577c27171c3941ecb,https://blockchain.watch/entities/binance
4839418,BTC,Bitcoin,1PeVQnGw7JKhzqBxDE8vKJSFLpjqsBZKeX,bc1qm34lsc65zpw79lxes69zkqmk6ee3ewf0j77s3h,Binance,2026-05-10T16:45:20.931315+00:00,3faff255dc40a0f311951dc8a9592cf7d7cfd7cae701caa72cc0219fc45e7efa,https://blockchain.watch/entities/binance
8073205,BTC,Bitcoin,1PhpLuDHxrQwwDY83rdv1BNMnHWLtt7jey,bc1qm34lsc65zpw79lxes69zkqmk6ee3ewf0j77s3h,Binance,2026-05-10T16:45:20.831761+00:00,6fa8eac6c540ef20810b1302f4147cff87fc3e933cbeea655c1db1e16443da6f,https://blockchain.watch/entities/binance
903684,BTC,Bitcoin,bc1qm34lsc65zpw79lxes69zkqmk6ee3ewf0j77s3h,bc1qpdc8t2s9uvtwn982spw5vc4gl849aarv2qrf6e,Binance,2026-05-10T16:45:20.731075+00:00,ef4fe61b666270c750f46a63749ea3046d9f6bd51bbb090af2020e91a7f18921,https://blockchain.watch/entities/binance
2030521,BTC,Bitcoin,bc1qm34lsc65zpw79lxes69zkqmk6ee3ewf0j77s3h,bc1qmdpp6fy9yx2muq62l2capu8tcczlv43cuph9wd,Binance,2026-05-10T16:45:20.174564+00:00,7797531427adf4251bfa8d3ba3692885fd8a675e6a563efc9ccfb2bc8cbcdbcf,https://blockchain.watch/entities/binance
6889992,BTC,Bitcoin,bc1p5tcydyl8d8lppncqpg5euwrrjmv0kwssl57w3u4gk44cxcmkq0vs2xvlzt,bc1qlhy2z0mx5ghhrg8mfxrq5eetyqvadws2qhfrks,,2026-05-10T16:30:36.594913+00:00,0f94a0d2a5a52ba26f96dd40cfc1fc0d6a0a37d6b1fa75f2afb7539d331af52b,https://blockchain.watch/alerts
1173950,BTC,Bitcoin,bc1q7cyrfmck2ffu2ud3rn5l5a8yv6f0chkp0zpemf,bc1qel0nz85kl0g8578fl5lv4kk024rgklkh6hcry4,,2026-05-10T16:30:36.476947+00:00,f1ccefe0238b4a9e0526f44a534ebd7c25fac54acced1405d185893a39ef3bb5,https://blockchain.watch/alerts
853383,BTC,Bitcoin,bc1qtvkmq6qylpl2ddg0savhqawa0rne5zj9luuf4y,bc1q9uqs5r74mhfezn8yg9cpwdc6rn5qh2zgfh4v5q,,2026-05-10T16:30:36.112606+00:00,ab27027ef6937c997b49a0f9261b75ea39d0427164cf9d2e3b387d2c4b9176a2,https://blockchain.watch/alerts
1065657,BTC,Bitcoin,12XZMdaAGmcHf4ocFSqpd8jFd1WH7RHUPs,1GrwDkr33gT6LuumniYjKEGjTLhsL5kmqC,,2026-05-10T16:30:35.982984+00:00,ed7a305fb7995f4e9dc396214fadcb01d1bf9882c646e0aa33af3ff985ac1cef,https://blockchain.watch/alerts
643794,BTC,Bitcoin,bc1qr9sa5dcerueqzewtja0pcge307emax7jxctcas,37w2CV7rzj4JJjE9BstBg9HDSi4SNGektN,,2026-05-10T16:30:35.892488+00:00,09bfa2d201b509d6b335795f10b6f2aa7d5c60da3e7947e7e56d6cab840ab935,https://blockchain.watch/alerts
536842,BTC,Bitcoin,32hK628jM4j1xLRQzJuvLsBhmBxKeVSdgN,bc1qr4dl5wa7kl8yu792dceg9z5knl2gkn220lk7a9,Kraken,2026-05-10T16:30:29.049836+00:00,01bfb9e589343435de686cae2b3b78e04f2b057a3e6f2258b919b068a47bdf29,https://blockchain.watch/entities/kraken
502096,BTC,Bitcoin,bc1qm34lsc65zpw79lxes69zkqmk6ee3ewf0j77s3h,bc1q2rfpjlpnwc4da8wsu2pq7zxzw3am9hkcvk62j4,Binance,2026-05-10T16:30:20.551229+00:00,f5eddf74305817ac9e626c75dc781e0ee5a3018528cf22dcf76cf4d7b26dc31b,https://blockchain.watch/entities/binance
609793,BTC,Bitcoin,bc1qm34lsc65zpw79lxes69zkqmk6ee3ewf0j77s3h,38B56At9SNjyDxbFaAps9M23anLwFqmyNK,Binance,2026-05-10T16:30:20.426438+00:00,930add6c0450acdbbc510dd00025f8a076319931e1c3f1c71492b716ca0d0639,https://blockchain.watch/entities/binance
764697,BTC,Bitcoin,bc1qm34lsc65zpw79lxes69zkqmk6ee3ewf0j77s3h,bc1qmkd6qxnc72zen3n0fqyzwukrsmuzjna7kdnwhe,Binance,2026-05-10T16:30:20.037854+00:00,d44dcce2c6b4f484feec513392e4a1c11f6681460131f505eba558edebbbe172,https://blockchain.watch/entities/binance
1087635,BTC,Bitcoin,1GrwDkr33gT6LuumniYjKEGjTLhsL5kmqC,12XZMdaAGmcHf4ocFSqpd8jFd1WH7RHUPs,,2026-05-10T16:15:37.447053+00:00,f2ad46d75a634b4f9100a2a71991934a04005ebcbc50bb9485fef801a2a71abc,https://blockchain.watch/alerts
501138,BTC,Bitcoin,bc1qm34lsc65zpw79lxes69zkqmk6ee3ewf0j77s3h,3CffBk279deMqrD7fiMfTyRab1oHGyzqKK,Binance,2026-05-10T16:15:22.590927+00:00,deddb87c436c7e029cd7449aa827b4fb0f3770e1456baee70ff9c5c55e2a6363,https://blockchain.watch/entities/binance
995275,BTC,Bitcoin,bc1qm34lsc65zpw79lxes69zkqmk6ee3ewf0j77s3h,bc1qdh7n0u3cjjgeqfgkl3e0vhw394zjngxl69ch8w,Binance,2026-05-10T16:15:22.445028+00:00,fc5d9fb8591887a7acbf370e816516ed91e5f9ef172b2bb71fdf5af56fd7c6e0,https://blockchain.watch/entities/binance
4064241,BTC,Bitcoin,bc1qm34lsc65zpw79lxes69zkqmk6ee3ewf0j77s3h,3LeQjypv7MJtKmcZLXmCTbAJ96Ab5hPvSc,Binance,2026-05-10T16:15:21.95159+00:00,3b70c7d0159c298c52d4666708d0da54edef9bc2d2b9cd29638d6456ba427ecd,https://blockchain.watch/entities/binance
,Bitcoin,Unknown,,,,2026-05-10T16:10:32.132281+00:00,,https://blockchain.watch/alerts
344000000,Tether,Unknown,,,,2026-05-10T16:10:31.149661+00:00,,https://blockchain.watch/alerts
71000000,ETH,Unknown,,Aave,,2026-05-10T16:10:29.039397+00:00,,https://blockchain.watch/alerts
529701050,ETH,Ethereum,0xc47d0b74331cf27d3bdcb6fa9a758731903f06c1,0x28c6c06298d514db089934071355e5743bf21d60,Binance,2026-05-10T16:00:41.449441+00:00,0x4c4fad224fa46b3eaaaa9cf9e6259ef1176e25b0d76dfb2c6bf00e5f048080e6,https://blockchain.watch/entities/binance
4378457,ETH,Ethereum,0xeae7380dd4cef6fbd1144f49e4d1e6964258a4f4,0x28c6c06298d514db089934071355e5743bf21d60,Binance,2026-05-10T16:00:41.325296+00:00,0xdbc56a3c069832bb5af078406e4f8e2496957db89538b25c2e9f4057e14a3c9c,https://blockchain.watch/entities/binance
586801,BTC,Bitcoin,bc1qryhgpmfv03qjhhp2dj8nw8g4ewg08jzmgy3cyx,bc1qe686tkazuuyp5l85t37mghsaujgu8de6lztn62,,2026-05-10T16:00:40.445222+00:00,485b3e461a5079f9370b9640880c7a81ca4f4988d2c6b5a87c1f4cf252922747,https://blockchain.watch/alerts
1105552,BTC,Bitcoin,1GrwDkr33gT6LuumniYjKEGjTLhsL5kmqC,bc1qvglxskawq44jjcdjfg9zx9qlj9y5raga367szf,,2026-05-10T16:00:40.345929+00:00,db4c12d727ca33a78aa667fd1c8341bb76b477768b70738af10fdbd356a8d643,https://blockchain.watch/alerts
11349909,BTC,Bitcoin,bc1q89zqat5x9cye7v2uwun2ds7980p25n02g7g90w,13PCbCUAMshuuPnine8UuZP7towm5gEMhs,,2026-05-10T16:00:39.881393+00:00,fb3247d90f27f10ce4489fbc3f373566a83d47b3d2fc7e5bcd48c475b350b587,https://blockchain.watch/alerts
1084011,BTC,Bitcoin,12XZMdaAGmcHf4ocFSqpd8jFd1WH7RHUPs,1DLeNApsHNNzUMNZJVoXeyEY5sdp8vzx3w,,2026-05-10T16:00:39.751976+00:00,8253a9657be3faaa6f2e484fe394e532295dc5848e5d57502c5b78f69545fb01,https://blockchain.watch/alerts
3567372,BTC,Bitcoin,3LHZNTmeQqzKqqGLXUDxq7uGUX59qDvoEU,bc1qr4dl5wa7kl8yu792dceg9z5knl2gkn220lk7a9,Kraken,2026-05-10T16:00:33.115078+00:00,c1e541d55c43b4fc18204d615624dcf323363362c349e43c0c78aa3da4e754a0,https://blockchain.watch/entities/kraken
1972031,BTC,Bitcoin,bc1qm34lsc65zpw79lxes69zkqmk6ee3ewf0j77s3h,bc1q0r6zvc3thd90plmjknzun7znv89vfsw42jug4c,Binance,2026-05-10T16:00:25.682157+00:00,40250a5cf504b1ce1a37b6a9a66597d1fcb3575d4e2b03b50cae332e589e62a3,https://blockchain.watch/entities/binance
991754,BTC,Bitcoin,bc1qm34lsc65zpw79lxes69zkqmk6ee3ewf0j77s3h,bc1q88lh8clqkxswjyuaa0ynxuvmf9xt0pxwrn4007,Binance,2026-05-10T16:00:25.541037+00:00,2010808cae293ed8ebf169a180fe9188f5067b29107aed28ce66383b8e9a52d9,https://blockchain.watch/entities/binance
4058621,BTC,Bitcoin,bc1qm34lsc65zpw79lxes69zkqmk6ee3ewf0j77s3h,3GJVJKqTCbkQjYvep1cMDZESWkJLP2en2d,Binance,2026-05-10T16:00:25.42931+00:00,e2e843f829dd889f7e46faf9a0ab8390fea72ab4f58191775208ecc3df409af2,https://blockchain.watch/entities/binance
710786,BTC,Bitcoin,bc1qm34lsc65zpw79lxes69zkqmk6ee3ewf0j77s3h,bc1qs5ykq94wm2ynxuhflh652fe78d76yxn2r22lp5,Binance,2026-05-10T16:00:25.287907+00:00,c2e341a90595a2cce27a1d26180f6ed4822a808c1846caf0679d7229d97d6bf9,https://blockchain.watch/entities/binance
1170460,ETH,Ethereum,0x17e5545b11b468072283cee1f066a059fb0dbf24,0xb028b84783a0381d51dcf0e8ef04b5e502958618,,2026-05-10T15:45:37.989362+00:00,0x7c3581c28115a6b87835d2d23fe0e3576f74ef4c99921d793f585e6b28d58f97,https://blockchain.watch/alerts
2447086,BTC,Bitcoin,bc1qryhgpmfv03qjhhp2dj8nw8g4ewg08jzmgy3cyx,bc1qqq69r992cjcu5k5wvdrmmkssj4gf7924tzjy3z,,2026-05-10T15:45:37.124587+00:00,b6448741478da1325c3fdbabf42038a1c6f69317a459986d782b08d10cbeef7d,https://blockchain.watch/alerts
3046571,BTC,Bitcoin,bc1qryhgpmfv03qjhhp2dj8nw8g4ewg08jzmgy3cyx,bc1qgvq4xa3gjw04edynl6wkpjv38n3nrfh6sxs0dp87ad7dlg0hw0fqd25y2f,,2026-05-10T15:45:37.066516+00:00,4903a6aff519b820776af0bb40f126deb0cb4430350778cb8f951fad4f42b642,https://blockchain.watch/alerts
2180528,BTC,Bitcoin,12XZMdaAGmcHf4ocFSqpd8jFd1WH7RHUPs,bc1pu29m09nakvfl306dyr6ku6nflzjsswzp6naekc0un07f5npa7wzqdykyg4,,2026-05-10T15:45:37.005171+00:00,bbea9cdce466d7c6ee0c1abd61a75d06762ae781e6f498016278b4a34300ef6f,https://blockchain.watch/alerts
4051944,BTC,Bitcoin,bc1qm34lsc65zpw79lxes69zkqmk6ee3ewf0j77s3h,3KbDzhb8B5pUU7Wk1y26J8D4cxYLmxJsca,Binance,2026-05-10T15:45:21.915265+00:00,83149ce255a92688d4cce6f80e1447f67db2670eb6a814c8299c76124c74018a,https://blockchain.watch/entities/binance
608643,BTC,Bitcoin,bc1qm34lsc65zpw79lxes69zkqmk6ee3ewf0j77s3h,bc1qy0dahf95e9su0s9ycfmr0v60aat554laxfvt46,Binance,2026-05-10T15:45:21.828879+00:00,8792ca908dbea6f07d2f40a16e6b6641607b42fff8a9385550579e3805039698,https://blockchain.watch/entities/binance
1970460,BTC,Bitcoin,bc1qm34lsc65zpw79lxes69zkqmk6ee3ewf0j77s3h,3LeQjypv7MJtKmcZLXmCTbAJ96Ab5hPvSc,Binance,2026-05-10T15:45:21.722123+00:00,bea138edc88cae244ff36468a3f12c73fed37edccc4fac2dd64c2176e8268ed6,https://blockchain.watch/entities/binance
892467,BTC,Bitcoin,bc1qm34lsc65zpw79lxes69zkqmk6ee3ewf0j77s3h,38B56At9SNjyDxbFaAps9M23anLwFqmyNK,Binance,2026-05-10T15:45:21.63551+00:00,4969693de4293407bc64d02e75397748cdbe43e8ef2a7f0754780a504612e344,https://blockchain.watch/entities/binance
764841,BTC,Bitcoin,bc1qm34lsc65zpw79lxes69zkqmk6ee3ewf0j77s3h,bc1py004tu0kv83mv6938nuwey23rf3pcgme6ml749xg90nj7q3anlmsjzk8p4,Binance,2026-05-10T15:45:21.152041+00:00,18079909b9cae879e65bffe412e74ec9809e44cce8a258addf59cfa55da35be1,https://blockchain.watch/entities/binance
344000000,USDT,Ethereum,,,,2026-05-10T15:40:34.269251+00:00,,https://blockchain.watch/alerts
2489809,BTC,Bitcoin,bc1qpaddjfevmp3qc236fse2x4e49fg8zfkmp4zcdh,bc1quvtgkt87sy0se2tumdqfqtd0qhp83s7u3a9hsk,,2026-05-10T15:30:38.085124+00:00,cdcb8bc13ebe1e4ebd3e7146a64ad72822b9d24ac6e0c41c8ae26907cb6c0e5b,https://blockchain.watch/alerts
647770,BTC,Bitcoin,bc1qryhgpmfv03qjhhp2dj8nw8g4ewg08jzmgy3cyx,bc1q7jejw38yqgg6zr2l9lzdazqjhva28rze9qt75r,,2026-05-10T15:30:37.673793+00:00,b1974d6363db4365cf735500c65b903976ad0758476a37c0baf77da3726e99e5,https://blockchain.watch/alerts
1096900,BTC,Bitcoin,1DLeNApsHNNzUMNZJVoXeyEY5sdp8vzx3w,12XZMdaAGmcHf4ocFSqpd8jFd1WH7RHUPs,,2026-05-10T15:30:37.568509+00:00,b07a3d646828db6ec63cd9db36b1c8677ec1ab6a8913e6aefaed76bd60abe71e,https://blockchain.watch/alerts
3342432,BTC,Bitcoin,bc1pfewahnqzlz2ga6yw88yskqjp8wqnqfrchwvu4ewwhmqg5k74nhzstxz4mm,bc1qm76ythdzsg4kj39yjhjx54wf6tljlqhhqlx3tl,,2026-05-10T15:30:37.401142+00:00,4d9cdd300d1d784502c7eb283a6dc21b4772008648c625f69ed3a3b58dff445d,https://blockchain.watch/alerts
8903049,BTC,Bitcoin,bc1qm34lsc65zpw79lxes69zkqmk6ee3ewf0j77s3h,12VuUfQHTGqWDvBzm8TBad1mZBm4hjGEzN,Binance,2026-05-10T15:30:23.110466+00:00,e0b01533d97812f10ff35e8db0944c248625737d700fe57528d4f722b88318d8,https://blockchain.watch/entities/binance
4042373,BTC,Bitcoin,bc1qm34lsc65zpw79lxes69zkqmk6ee3ewf0j77s3h,bc1qytwr79ax8nzrpev5vawwas9k9m59fy8ec6fjgf,Binance,2026-05-10T15:30:22.920997+00:00,7e56b6a9aaa198bd1530521bee4dc3a481db50b4cd740a524107aa52c0181e53,https://blockchain.watch/entities/binance
4017062,BTC,Bitcoin,bc1qm34lsc65zpw79lxes69zkqmk6ee3ewf0j77s3h,3LHZNTmeQqzKqqGLXUDxq7uGUX59qDvoEU,Binance,2026-05-10T15:30:22.728023+00:00,2f772aafde6d10d6b23a499ebf4f5fab76d35f40bfdfb1173fce27a6ad7a29be,https://blockchain.watch/entities/binance
6708463,BTC,Bitcoin,bc1qm34lsc65zpw79lxes69zkqmk6ee3ewf0j77s3h,bc1qx7gnea2va6zuhauxq2ucgxj7v5qulm58vq8tzf,Binance,2026-05-10T15:15:20.873605+00:00,b122da152da009e14dc4731f1cc207965640398dd081a4a13ee5a828e77cd1c9,https://blockchain.watch/entities/binance
842572,BTC,Bitcoin,bc1q7h0yhact2d2233mudv38t74cmaqqwysggy6wke,bc1qm34lsc65zpw79lxes69zkqmk6ee3ewf0j77s3h,Binance,2026-05-10T15:15:20.302635+00:00,c407d3c623c259677a1c3ee6a3a76298bfe276bf18691a419744a01d2dc6d326,https://blockchain.watch/entities/binance
1117492,BTC,Bitcoin,12XZMdaAGmcHf4ocFSqpd8jFd1WH7RHUPs,3QNaUxXzgxSxKk8haHpNzh8wCHfM5Q91VN,,2026-05-10T15:00:35.763939+00:00,5e810b7f33afa94a99939a80a130d03edf771d0782c192a55bf2b40a94ed18f0,https://blockchain.watch/alerts
1112695,BTC,Bitcoin,1GrwDkr33gT6LuumniYjKEGjTLhsL5kmqC,1DLeNApsHNNzUMNZJVoXeyEY5sdp8vzx3w,,2026-05-10T15:00:35.354693+00:00,82aa2a000494d21c6fce179432771a284210a6d18122544afaa399ea03f64d4a,https://blockchain.watch/alerts
3063053,BTC,Bitcoin,bc1qm34lsc65zpw79lxes69zkqmk6ee3ewf0j77s3h,1MmUtNVXgsWn1nEMtsi5n17hd9zAY3mCQh,Binance,2026-05-10T15:00:21.298771+00:00,211da63be6c54118234166465001d68eddf46043fb1a9aa2e9f62cc00076674c,https://blockchain.watch/entities/binance
3580549,BTC,Bitcoin,bc1qm34lsc65zpw79lxes69zkqmk6ee3ewf0j77s3h,3KCEMvhjY8L8fFCdFwDDW6vjX2Dn4muLzp,Binance,2026-05-10T15:00:21.14773+00:00,cf9c5052ce68bb8585a817530919deabfa867558a892fd0eefb25e5b5c442b75,https://blockchain.watch/entities/binance
978559,BTC,Bitcoin,bc1qm34lsc65zpw79lxes69zkqmk6ee3ewf0j77s3h,1MVG5a32pzBR4r5dMd8mAucDo3vhFMtSvo,Binance,2026-05-10T15:00:21.012718+00:00,7b7ccb97816df4ab6c43920c8c10a874bdb17f8ac829fa856dfb48aa360146ae,https://blockchain.watch/entities/binance
3526393,BTC,Bitcoin,bc1qm34lsc65zpw79lxes69zkqmk6ee3ewf0j77s3h,bc1psxwjt97smfxqtr3daw6x4gxsw3l3gmrm4d67qmrmf3qadhwu3qlq0mytf8,Binance,2026-05-10T15:00:20.865664+00:00,7c41d023fac299e3fc06cbe56943210620ade0d2ace63ea6baa73345dad27cc6,https://blockchain.watch/entities/binance
1766338,BTC,Bitcoin,bc1qm34lsc65zpw79lxes69zkqmk6ee3ewf0j77s3h,3JyDxgeCYAz9tff3P3iq6Wg24F5Ja8dpdA,Binance,2026-05-10T15:00:20.674282+00:00,de6d4962a82fc9aff5c33166bc52da33f75fd98fa6996f564416f321309a9d9f,https://blockchain.watch/entities/binance
3392200,BTC,Bitcoin,bc1qynygs8d3ju9cpum9pepmh94qk57tf67paka78g,bc1qyjdst5tnkqfzy8fdg5rt7jx3umeqwzxl5pqa3e,,2026-05-10T14:45:50.000442+00:00,d9101b33203348960aede36acaf108a1ddaba17c05a636ac3cc069275d2311c2,https://blockchain.watch/alerts
504574,BTC,Bitcoin,bc1qm34lsc65zpw79lxes69zkqmk6ee3ewf0j77s3h,38bgGZZNxpeeEBNMz7CtSShy3aXM97PBCF,Binance,2026-05-10T14:45:31.032103+00:00,05cfe59b818ad40877e7ef615d4c5ab8eebc4dd956b0a5622bd5d6fcf9dbe588,https://blockchain.watch/entities/binance
5995929,BTC,Bitcoin,1AVDTMEFsKRULM3mjxEHM3idU9dJuYGHhG,bc1qm34lsc65zpw79lxes69zkqmk6ee3ewf0j77s3h,Binance,2026-05-10T14:45:30.933221+00:00,0ef7dce551cd1ea54101e2dbe089384b27ad9d2404f039218108185567c056d2,https://blockchain.watch/entities/binance
622466,BTC,Bitcoin,13i9ZaXBYJ74qPuK7JrJ6Znws5uTa37vQt,bc1qm34lsc65zpw79lxes69zkqmk6ee3ewf0j77s3h,Binance,2026-05-10T14:45:30.837277+00:00,b0b5e2f2d533408382a0b7c876e9c356c148371009b82d7607eac0188ece37d7,https://blockchain.watch/entities/binance
1790194,BTC,Bitcoin,bc1qm34lsc65zpw79lxes69zkqmk6ee3ewf0j77s3h,bc1pgf6kewtr53ppu6p6dae2arfkskddqz5tkpj2jmerp2m2c3uvg6tqvwc4ne,Binance,2026-05-10T14:45:30.150538+00:00,614e4ac39e52b60724360c5a0cb6c88c96f310d10849b930ab02ff08bb3d9bb6,https://blockchain.watch/entities/binance
842490,BTC,Bitcoin,bc1qm34lsc65zpw79lxes69zkqmk6ee3ewf0j77s3h,bc1q3xqmpep55xr22egv4mrms79mcuz56pzarkfpm5,Binance,2026-05-10T14:30:22.402036+00:00,8383609ea7c959b93f6cce12e992d5e9eaa43003aa9cb450fc26e6c5f68814a4,https://blockchain.watch/entities/binance
546374,BTC,Bitcoin,bc1qm34lsc65zpw79lxes69zkqmk6ee3ewf0j77s3h,bc1qchdwq6ah5zzdevd3uqdg48v9f343vn7s2mvz79,Binance,2026-05-10T14:30:22.276474+00:00,d07d5000b2ed5e8c9269a24114b8814bb21b6eb821704f133cee758254ba6018,https://blockchain.watch/entities/binance
1351679,BTC,Bitcoin,bc1qm34lsc65zpw79lxes69zkqmk6ee3ewf0j77s3h,bc1qzplr2k3udg2p2gr2zkcqtzhva5jrwj2e689kkv,Binance,2026-05-10T14:30:22.160098+00:00,4e08745b0c9b0d8b57a3093cbf1707490a6caac1631aa7d6f3fe6ea6270b14fc,https://blockchain.watch/entities/binance
1644283,BTC,Bitcoin,bc1qm34lsc65zpw79lxes69zkqmk6ee3ewf0j77s3h,bc1qecg9v4grccjlefju045lm3a4faprqzjtxundfj,Binance,2026-05-10T14:30:21.517069+00:00,e008908beeb9b5a8a8c13dc3ebba3635ddf16efc726299fa316a6b69198e12b0,https://blockchain.watch/entities/binance
526981,BTC,Bitcoin,32hK628jM4j1xLRQzJuvLsBhmBxKeVSdgN,bc1qr4dl5wa7kl8yu792dceg9z5knl2gkn220lk7a9,Kraken,2026-05-10T14:15:34.392546+00:00,5a57413694faac7d6fa3917070c7490edd0015df91968ef1453ce91ef99f4d9a,https://blockchain.watch/entities/kraken
1393974,BTC,Bitcoin,bc1qelsglfg09xpp46yfsys0436fzwuge6swglmy0k,bc1qm34lsc65zpw79lxes69zkqmk6ee3ewf0j77s3h,Binance,2026-05-10T14:15:26.398373+00:00,2602984fb00d5c494a9a17df11238b2c833a4d24dfc2f21a7914846266dced1c,https://blockchain.watch/entities/binance
58224750,ETH,Ethereum,0xe69f81b825d7dc31ee9becef4dbeab5cf30e3abb,0x28c6c06298d514db089934071355e5743bf21d60,Binance,2026-05-10T14:15:11.210599+00:00,0x0dab80b24d05c0d9dbfd9e5e25babb0f4fdc56fe06218f6fc74eccb6b16c4ab5,https://blockchain.watch/entities/binance
3015679,ETH,Ethereum,0x469d018282617a8bd7e6bdde3c77b9bc6a71a38f,0xbd216513d74c8cf14cf4747e6aaa6420ff64ee9e,,2026-05-10T14:00:38.968632+00:00,0xe28de03d9592b9acf657048a173d9649e958b63e1b45394082ce08b9df799961,https://blockchain.watch/alerts
847119,ETH,Ethereum,0xab4f2fdca7521012edfee6e916778c6dae719bd3,0xb03f3f4d58e15af27127df7667f0b9f470191fdd,,2026-05-10T14:00:38.534773+00:00,0x6c3c6f6ef4e5a85d1e6a7f8684d1cf46275cf45ce3e3f2ce023d6cc1424dae91,https://blockchain.watch/alerts
531329,BTC,Bitcoin,bc1qm34lsc65zpw79lxes69zkqmk6ee3ewf0j77s3h,35bbWBhyL1BMwcCHFhcNdogGX2BmtNB4G9,Binance,2026-05-10T14:00:23.06338+00:00,12eeea0aa2415d9fbd34a560a368fa9ff4339ee5e34274e43ddbbd576d9816c6,https://blockchain.watch/entities/binance
1046748,BTC,Bitcoin,bc1qm34lsc65zpw79lxes69zkqmk6ee3ewf0j77s3h,122XMSFhmDcgxvT5ddp3FLRcmobHe8wNHr,Binance,2026-05-10T14:00:22.676043+00:00,777ad18b0774033e493fc9fec60cd25b32c9457133a7889517d58481b83bfe99,https://blockchain.watch/entities/binance
917142,BTC,Bitcoin,bc1qm34lsc65zpw79lxes69zkqmk6ee3ewf0j77s3h,3JyDxgeCYAz9tff3P3iq6Wg24F5Ja8dpdA,Binance,2026-05-10T14:00:21.709272+00:00,20a06f21cdefc8b6f560bcdaa6ab43bf69ec039701709a75e51607aa66ac3c2d,https://blockchain.watch/entities/binance
1109824,BTC,Bitcoin,bc1pfewahnqzlz2ga6yw88yskqjp8wqnqfrchwvu4ewwhmqg5k74nhzstxz4mm,bc1qpsfv4eu9t8lrvsld36fu0gjwge2sjytl4vv3ww,,2026-05-10T13:45:38.167781+00:00,345ec64ee9add3a10379720e8c64cd01da82595557e6205a190adfd828933e14,https://blockchain.watch/alerts
646932,BTC,Bitcoin,bc1qm34lsc65zpw79lxes69zkqmk6ee3ewf0j77s3h,bc1pekw89nnmx9zqaft8wln580dl7m8znffv0xse7a63ppfv4sxu7wrs9raqx6,Binance,2026-05-10T13:45:22.205557+00:00,cc5ab3dee9502288298e7eb13885c578e7aef9d09ef767695af061607c687904,https://blockchain.watch/entities/binance
875879,BTC,Bitcoin,bc1qm34lsc65zpw79lxes69zkqmk6ee3ewf0j77s3h,bc1qqm625e4jur7569kjxxsnesfdq8ddy085hnefvn,Binance,2026-05-10T13:45:22.079256+00:00,71b606ee7445b7f0319604950ba97e41f130ba45170e3907db2cea0f17fb103f,https://blockchain.watch/entities/binance
3032192,BTC,Bitcoin,bc1qm34lsc65zpw79lxes69zkqmk6ee3ewf0j77s3h,1FjwqGrxtCzq8dYhYG93j4ALMSWCfe3dQP,Binance,2026-05-10T13:45:21.954702+00:00,dbe5dd34af2c8582802ed677279fcd024395b601fd76be978d8f97381342b077,https://blockchain.watch/entities/binance
4018975,BTC,Bitcoin,bc1qm34lsc65zpw79lxes69zkqmk6ee3ewf0j77s3h,bc1qeczt6urm6cm0fy6emga2y3jh3zv24ll4e6uwcm,Binance,2026-05-10T13:45:21.860022+00:00,69d5260373111cc2aa701fe6b855116dca33b4ab8b39714cb11ec8edea2ffe4e,https://blockchain.watch/entities/binance
3864065,BTC,Bitcoin,bc1qm34lsc65zpw79lxes69zkqmk6ee3ewf0j77s3h,3LeH2EuDeMfv2iZW2JxFegCDCdibRJjqKf,Binance,2026-05-10T13:45:21.221351+00:00,1f5ced9bdb3b0c661918bfff30e1d977497d6fa815c888e5383fbc719584c5e7,https://blockchain.watch/entities/binance
522914,BTC,Bitcoin,bc1qryhgpmfv03qjhhp2dj8nw8g4ewg08jzmgy3cyx,bc1q4epme7xx275teuysundg8ynw68dr5ngzvr76dpt5zje5ar5guddqvdpupn,,2026-05-10T13:30:39.853804+00:00,aa56c29154436bb54ab5fdb4492ba73aa7ba233655e8e96212c49d7023df5d75,https://blockchain.watch/alerts
3522322,BTC,Bitcoin,3LHZNTmeQqzKqqGLXUDxq7uGUX59qDvoEU,bc1qr4dl5wa7kl8yu792dceg9z5knl2gkn220lk7a9,Kraken,2026-05-10T13:30:32.380919+00:00,81498ad8242b7956260ff8f22a3f7336b563afb6606bb0c6b97fa0a43feb062b,https://blockchain.watch/entities/kraken
8094997,BTC,Bitcoin,bc1qm34lsc65zpw79lxes69zkqmk6ee3ewf0j77s3h,bc1quhlfqmdm29t2ak2rmhq4hxxlum3txrne0m09cd,Binance,2026-05-10T13:30:24.491082+00:00,e637bc79bb8ae18642eb86642d07bb47141e466b91e64c36c8bce50c5f20cb56,https://blockchain.watch/entities/binance
7195322,BTC,Bitcoin,bc1qm34lsc65zpw79lxes69zkqmk6ee3ewf0j77s3h,168BveijMCEZPSbVQL6jAQNoAZd39996P4,Binance,2026-05-10T13:30:24.292471+00:00,315595b4c7f549a690082dd8423919f4d47996d5c7065f9ed0a4698f06b59697,https://blockchain.watch/entities/binance
4023448,BTC,Bitcoin,bc1qm34lsc65zpw79lxes69zkqmk6ee3ewf0j77s3h,bc1qs3mnr4yyth4xxcvs38spt4d8w4cayfmc3994q7,Binance,2026-05-10T13:30:24.112355+00:00,703e2474679f11c8526ea33fe79094a7b25fb3818893d8ea19215aee2af03a9e,https://blockchain.watch/entities/binance
618658,BTC,Bitcoin,bc1qm34lsc65zpw79lxes69zkqmk6ee3ewf0j77s3h,38yDPoqFoxBPQKMkh8Ndx3YSggrR4tmZxd,Binance,2026-05-10T13:30:23.176264+00:00,c8534bf547ddd67dc10e74c332b78b2ef0587525bc3c09851db617f8e43abb39,https://blockchain.watch/entities/binance
3039402,BTC,Bitcoin,bc1qryhgpmfv03qjhhp2dj8nw8g4ewg08jzmgy3cyx,bc1qh6mt0vj5vnr8yf4h5jjuq8f6a2xmwc222e6en2,,2026-05-10T13:15:40.198134+00:00,f47ea35ea8f643db29ca6f4baa595cbe7e93d12921a82218de2ef04811eb3b6e,https://blockchain.watch/alerts
1225733,BTC,Bitcoin,bc1q7cyrfmck2ffu2ud3rn5l5a8yv6f0chkp0zpemf,12su19g13XUTQagN6c8bm46GHmLWVrwbkS,,2026-05-10T13:15:39.825212+00:00,5038e3bc977a18a26d71bf3522bafcc33ba01814803905208d19b046f5de6ce8,https://blockchain.watch/alerts
8064662,BTC,Bitcoin,bc1qqlc2vt6ht96g4xmwech5cev3m0zh20ld8uf92d,bc1qesrvsn8g7ln6rmtru5kmuve4cma37r9gsrd78w,,2026-05-10T13:15:39.738602+00:00,b7b5c863cfe2ffeae6ad64428672dce8ad8e38871e022115122ede4e9232f48a,https://blockchain.watch/alerts
2420149,BTC,Bitcoin,bc1qm34lsc65zpw79lxes69zkqmk6ee3ewf0j77s3h,bc1qtwewtfj4mwzyktxrshy377cuklwekf5mxrjlrj,Binance,2026-05-10T13:15:23.592265+00:00,a2cc1721faebf16d33adf8d50e4c46a73a5301a40e91100058364649131e5ab0,https://blockchain.watch/entities/binance
3876368,BTC,Bitcoin,bc1qm34lsc65zpw79lxes69zkqmk6ee3ewf0j77s3h,bc1q3k9paguvxh5n8n89keu7wr5vchlaqf8kfuvkgp,Binance,2026-05-10T13:15:23.503015+00:00,ba3ff38b63c813b2b7678b20b8921d23f2edf24e290499ac0bf93f889c8d8276,https://blockchain.watch/entities/binance
2903331,BTC,Bitcoin,bc1qm34lsc65zpw79lxes69zkqmk6ee3ewf0j77s3h,bc1q7cd2anueg2pl5vqhpnhn5wm0lcp7dazwd3s5hl,Binance,2026-05-10T13:15:23.39417+00:00,cf121c8f8581fd1235fe6ec549de00dd76014a50f445323ba2c0a9b2503c2af9,https://blockchain.watch/entities/binance
4001707,BTC,Bitcoin,bc1qm34lsc65zpw79lxes69zkqmk6ee3ewf0j77s3h,38dA4Uo9UwdoeZGekDpNsznf7ZD66a4cjQ,Binance,2026-05-10T13:15:22.850118+00:00,be8586c969ba2999f1df145e3e739c46e89840c9f6bed010b4945bf847e5d28d,https://blockchain.watch/entities/binance
4465369,ETH,Ethereum,0xaaa47f5d0a4274f20d75820f2b70b4c34086aab1,0x656c2c7c86d8aa889904a09b55b0c2eb24496f5f,,2026-05-10T13:00:40.811986+00:00,0xc4bde45c936db023f4f78d59933748a14f6c768d8650c6c587b1855c962d9ef5,https://blockchain.watch/alerts
647345,BTC,Bitcoin,bc1qryhgpmfv03qjhhp2dj8nw8g4ewg08jzmgy3cyx,bc1q96g0ht760zegl67fkz0sgkkhh39ycngrp0p93s,,2026-05-10T13:00:39.502169+00:00,19dd07a43384d7be66098b6879b0bfeb415445e93348c904449adcdea3930d7d,https://blockchain.watch/alerts
883543,BTC,Bitcoin,bc1qryhgpmfv03qjhhp2dj8nw8g4ewg08jzmgy3cyx,bc1quwh7gxf80ne0ks2ay65xntvhwg3pnu7hl2df45,,2026-05-10T13:00:39.436331+00:00,552972110ad90b04cc3e641fbdc5ef8989200c0e98ccbd701d4f1d192468c65e,https://blockchain.watch/alerts
1149545,BTC,Bitcoin,bc1qryhgpmfv03qjhhp2dj8nw8g4ewg08jzmgy3cyx,3LUqqZwr26PWBs2BoVovxh6Joy26yqANv4,,2026-05-10T13:00:39.381557+00:00,a9f588627653dea6c9c96dc506ff5249b65dee24a5b57b5c8924116367104321,https://blockchain.watch/alerts
802059,BTC,Bitcoin,bc1qryhgpmfv03qjhhp2dj8nw8g4ewg08jzmgy3cyx,bc1q8qwy8sl58cz4wh69ll8hts3rjcp8enaw9dwukx,,2026-05-10T13:00:39.323222+00:00,a34d62b003c121d0716ec84d981c9f177426ebc50ea6f36ddfd689f2d92e3303,https://blockchain.watch/alerts
526857,BTC,Bitcoin,bc1qrppyt803mv2a07v0mtnsv2hz40cye9wwnk2nx6,bc1q72ud4m6zf5g37jkhc2ty95zm5vel9ufdxquqpm,,2026-05-10T13:00:39.233856+00:00,41cbdf4f506ea200eab952e4fe74843474a1e947da15a6f81223339e9959a820,https://blockchain.watch/alerts
1456764,BTC,Bitcoin,bc1qm34lsc65zpw79lxes69zkqmk6ee3ewf0j77s3h,bc1q9qrekdmgvfp2jswcyaz7lns9mq0crsvj7zhvpv,Binance,2026-05-10T13:00:23.695613+00:00,262c8a0ac1f8cd35a3ddacfe1b32121cf78320dc316eec650b59a71cf7afa5ea,https://blockchain.watch/entities/binance
3548639,BTC,Bitcoin,bc1qm34lsc65zpw79lxes69zkqmk6ee3ewf0j77s3h,3QT17Ryr8UhS2REokW3Zqr49VHTrERLqwE,Binance,2026-05-10T13:00:23.434893+00:00,5c3044e62453d29aa43a903fd1c45165cec6aa05cc125c54e5b32e98a8ee1c14,https://blockchain.watch/entities/binance